date,temp_max,temp_min,precipitation_mm,humidity_percent
2018-01-01,2.5,-5.7,0.0,23
2018-01-02,1.3,-7.5,0.0,30
2018-01-03,1.2,-6.3,0.0,21
2018-01-04,-1.1,-6.3,0.0,23
2018-01-05,2.7,-8.0,0.0,25
2018-01-06,2.1,-6.5,0.0,25
2018-01-07,2.4,-3.4,0.0,30
2018-01-08,0.6,-5.3,0.0,26
2018-01-09,0.5,-7.0,0.0,24
2018-01-10,-1.6,-8.5,0.0,18
2018-01-11,-2.4,-10.2,0.0,18
2018-01-12,1.7,-10.4,0.0,21
2018-01-13,2.7,-7.5,0.0,32
2018-01-14,7.3,-6.5,0.0,42
2018-01-15,1.1,-5.0,0.0,39
2018-01-16,3.4,-3.9,0.0,37
2018-01-17,6.4,-5.4,0.0,36
2018-01-18,3.7,-7.5,0.0,37
2018-01-19,6.9,-5.6,0.0,35
2018-01-20,3.7,-4.6,0.0,43
2018-01-21,-1.0,-4.5,0.0,49
2018-01-22,-1.7,-10.4,0.9,41
2018-01-23,-5.1,-14.5,0.0,14
2018-01-24,-2.9,-13.0,0.0,16
2018-01-25,-4.7,-11.7,0.0,17
2018-01-26,-4.9,-13.0,0.0,21
2018-01-27,-2.7,-11.7,0.0,36
2018-01-28,-1.5,-11.9,0.0,18
2018-01-29,0.9,-9.4,0.0,22
2018-01-30,4.0,-7.1,0.0,20
2018-01-31,2.5,-6.0,0.0,24
2018-02-01,4.1,-6.7,0.0,26
2018-02-02,-1.6,-7.6,0.0,22
2018-02-03,0.5,-8.9,0.0,18
2018-02-04,3.4,-9.9,0.0,21
2018-02-05,-0.5,-8.1,0.0,20
2018-02-06,1.1,-10.3,0.0,26
2018-02-07,0.4,-6.8,0.0,27
2018-02-08,1.5,-9.3,0.0,25
2018-02-09,2.2,-7.4,0.0,19
2018-02-10,-1.2,-8.6,0.0,14
2018-02-11,-1.2,-8.4,0.0,17
2018-02-12,5.2,-7.6,0.0,24
2018-02-13,6.3,-5.8,0.0,27
2018-02-14,5.3,-2.6,0.0,23
2018-02-15,4.6,-6.6,0.0,24
2018-02-16,6.4,-4.9,0.0,28
2018-02-17,4.3,-6.7,0.0,54
2018-02-18,7.6,-5.2,0.0,58
2018-02-19,6.5,-4.5,0.0,69
2018-02-20,5.2,-3.8,0.0,34
2018-02-21,7.4,-5.6,0.0,28
2018-02-22,8.2,-5.5,0.0,25
2018-02-23,10.6,-4.6,0.0,28
2018-02-24,2.6,-4.9,0.0,32
2018-02-25,5.8,-6.8,0.0,51
2018-02-26,10.1,-3.6,0.0,56
2018-02-27,5.8,-1.4,0.0,64
2018-02-28,7.9,-2.4,0.8,48
2018-03-01,7.5,-5.0,0.0,28
2018-03-02,9.4,-4.3,0.0,43
2018-03-03,11.5,-2.0,0.0,74
2018-03-04,8.1,-0.5,0.0,32
2018-03-05,7.2,-5.1,0.0,49
2018-03-06,5.7,-5.3,0.0,57
2018-03-07,3.5,-4.7,0.4,60
2018-03-08,6.0,-5.3,0.0,44
2018-03-09,9.3,-4.5,0.0,50
2018-03-10,12.8,-1.6,0.0,51
2018-03-11,9.4,-4.3,0.0,57
2018-03-12,13.7,-2.5,0.0,73
2018-03-13,20.0,1.6,0.0,67
2018-03-14,19.2,6.5,0.0,78
2018-03-15,12.1,2.0,0.2,29
2018-03-16,9.0,-2.4,0.0,44
2018-03-17,4.4,-0.2,2.2,60
2018-03-18,12.2,-1.2,0.0,69
2018-03-19,14.2,0.9,0.0,49
2018-03-20,9.4,1.1,0.0,27
2018-03-21,12.0,-3.9,0.0,37
2018-03-22,17.4,-0.9,0.0,45
2018-03-23,19.4,3.3,0.1,51
2018-03-24,21.4,4.0,0.0,33
2018-03-25,24.9,4.4,0.0,35
2018-03-26,24.6,8.3,0.0,39
2018-03-27,28.2,7.2,0.0,47
2018-03-28,24.3,11.8,0.0,32
2018-03-29,20.3,6.4,0.0,29
2018-03-30,18.2,5.5,0.0,29
2018-03-31,24.5,6.3,0.0,37
2018-04-01,27.5,8.0,0.0,44
2018-04-02,27.7,9.6,0.0,37
2018-04-03,16.4,3.3,0.5,36
2018-04-04,9.8,0.0,7.8,69
2018-04-05,9.7,-0.4,0.6,66
2018-04-06,10.3,3.2,0.0,26
2018-04-07,12.6,-0.4,0.0,23
2018-04-08,18.9,0.8,0.0,33
2018-04-09,20.0,3.1,0.0,43
2018-04-10,23.4,6.0,0.0,42
2018-04-11,25.3,6.3,0.0,35
2018-04-12,22.8,9.4,0.0,24
2018-04-13,12.0,9.3,4.4,62
2018-04-14,18.2,5.0,0.0,37
2018-04-15,20.8,4.5,0.0,23
2018-04-16,23.4,5.8,0.0,41
2018-04-17,24.3,9.9,0.0,49
2018-04-18,26.8,11.5,0.0,60
2018-04-19,29.6,14.5,0.0,60
2018-04-20,29.3,12.7,0.0,55
2018-04-21,19.9,11.6,34.6,81
2018-04-22,14.0,10.8,1.6,57
2018-04-23,17.8,11.1,0.0,59
2018-04-24,22.6,9.5,0.0,46
2018-04-25,24.6,8.3,0.0,45
2018-04-26,26.6,9.9,0.0,62
2018-04-27,24.5,12.5,0.0,42
2018-04-28,28.1,11.7,0.0,62
2018-04-29,29.4,15.3,0.8,64
2018-04-30,24.4,15.6,0.0,50
2018-05-01,23.6,13.0,0.0,50
2018-05-02,23.4,11.2,0.5,36
2018-05-03,23.8,10.9,0.0,24
2018-05-04,26.7,9.8,0.0,45
2018-05-05,26.8,16.5,0.5,36
2018-05-06,27.6,11.8,0.0,44
2018-05-07,26.6,14.8,0.0,39
2018-05-08,25.7,11.8,0.0,34
2018-05-09,27.9,11.6,0.0,35
2018-05-10,27.0,14.6,0.0,47
2018-05-11,24.7,18.1,0.0,50
2018-05-12,28.0,14.5,4.0,72
2018-05-13,29.3,14.1,0.0,69
2018-05-14,33.3,17.2,0.0,62
2018-05-15,29.8,19.5,1.8,69
2018-05-16,29.1,21.0,0.6,80
2018-05-17,23.4,18.5,3.2,71
2018-05-18,27.6,18.0,0.0,55
2018-05-19,28.0,15.1,0.4,50
2018-05-20,19.8,17.2,0.4,63
2018-05-21,17.5,14.9,3.2,81
2018-05-22,25.8,13.9,0.6,42
2018-05-23,29.4,9.5,0.0,35
2018-05-24,31.3,15.8,0.0,48
2018-05-25,31.4,17.1,0.0,58
2018-05-26,32.2,19.2,0.0,57
2018-05-27,32.7,15.9,0.0,31
2018-05-28,28.7,18.3,0.0,22
2018-05-29,31.2,15.2,0.0,22
2018-05-30,32.2,16.3,0.0,24
2018-05-31,35.3,16.7,0.0,31
2018-06-01,36.1,19.2,0.0,26
2018-06-02,35.5,20.5,0.0,31
2018-06-03,28.3,22.3,0.6,40
2018-06-04,35.3,16.7,0.0,29
2018-06-05,40.0,19.2,0.0,20
2018-06-06,33.4,20.9,0.0,23
2018-06-07,32.5,23.0,0.0,42
2018-06-08,32.0,19.8,0.0,35
2018-06-09,24.1,17.9,7.0,63
2018-06-10,28.2,15.1,0.3,64
2018-06-11,29.3,16.1,0.0,65
2018-06-12,31.2,17.4,0.1,64
2018-06-13,25.4,18.2,8.9,76
2018-06-14,30.3,16.2,0.0,67
2018-06-15,30.2,18.3,0.0,67
2018-06-16,31.5,18.7,0.4,67
2018-06-17,30.4,21.9,0.5,69
2018-06-18,31.9,21.0,0.6,69
2018-06-19,32.0,21.4,0.2,62
2018-06-20,35.3,20.5,0.0,49
2018-06-21,35.4,21.6,0.0,40
2018-06-22,33.9,21.6,0.0,49
2018-06-23,37.5,21.4,0.0,42
2018-06-24,37.4,26.1,0.0,40
2018-06-25,36.8,23.6,3.2,53
2018-06-26,35.5,23.2,0.3,65
2018-06-27,38.6,22.9,0.0,34
2018-06-28,35.3,25.4,0.0,27
2018-06-29,39.4,22.5,0.0,27
2018-06-30,37.4,22.4,0.2,44
2018-07-01,34.4,22.7,0.0,53
2018-07-02,33.1,23.2,0.8,64
2018-07-03,30.8,23.1,3.1,71
2018-07-04,35.4,23.3,0.0,60
2018-07-05,35.8,24.9,0.4,59
2018-07-06,35.3,24.3,0.0,62
2018-07-07,31.5,23.1,5.1,69
2018-07-08,30.6,23.0,21.5,79
2018-07-09,27.2,22.8,3.7,84
2018-07-10,29.4,21.8,1.1,77
2018-07-11,24.0,21.1,22.5,86
2018-07-12,27.1,20.5,6.2,86
2018-07-13,29.2,22.5,5.1,88
2018-07-14,31.0,24.0,0.8,85
2018-07-15,33.1,23.7,2.2,81
2018-07-16,30.8,24.8,27.9,91
2018-07-17,28.0,23.6,38.0,93
2018-07-18,32.2,23.4,3.6,87
2018-07-19,32.6,24.2,11.9,87
2018-07-20,33.3,25.3,0.3,81
2018-07-21,34.4,26.9,3.5,76
2018-07-22,32.9,24.6,10.8,85
2018-07-23,32.7,24.5,3.9,80
2018-07-24,31.1,24.7,40.8,81
2018-07-25,32.6,23.3,20.3,73
2018-07-26,32.7,23.9,0.0,72
2018-07-27,30.2,24.6,1.2,85
2018-07-28,32.0,24.4,0.4,78
2018-07-29,32.9,24.8,0.1,77
2018-07-30,34.0,25.6,0.4,77
2018-07-31,34.9,25.5,0.0,77
2018-08-01,35.4,25.7,0.0,74
2018-08-02,35.1,26.8,0.5,75
2018-08-03,35.8,26.3,0.0,69
2018-08-04,35.5,26.2,0.0,67
2018-08-05,33.4,25.4,11.3,77
2018-08-06,29.4,24.4,15.3,86
2018-08-07,30.8,25.2,5.5,84
2018-08-08,28.2,24.3,18.1,90
2018-08-09,31.1,22.8,0.0,84
2018-08-10,32.7,23.4,0.0,81
2018-08-11,29.4,25.0,9.7,82
2018-08-12,29.9,23.4,90.2,87
2018-08-13,31.4,23.5,33.2,87
2018-08-14,30.6,23.9,4.6,87
2018-08-15,32.0,24.4,0.0,68
2018-08-16,30.2,22.5,0.0,67
2018-08-17,29.8,21.6,0.0,77
2018-08-18,26.6,22.7,0.5,78
2018-08-19,26.7,21.5,1.4,84
2018-08-20,30.3,20.9,0.0,82
2018-08-21,31.1,23.6,0.0,54
2018-08-22,27.7,21.9,0.0,68
2018-08-23,30.4,19.8,0.0,70
2018-08-24,30.0,20.0,0.0,63
2018-08-25,31.0,19.4,0.0,69
2018-08-26,30.7,22.1,0.2,70
2018-08-27,31.5,22.3,0.3,72
2018-08-28,30.6,21.3,0.0,72
2018-08-29,30.3,21.6,0.0,52
2018-08-30,25.5,19.8,8.0,81
2018-08-31,29.1,18.6,0.0,75
2018-09-01,28.3,19.2,1.1,75
2018-09-02,28.4,19.9,10.4,78
2018-09-03,29.4,19.1,0.0,60
2018-09-04,30.8,17.8,0.0,46
2018-09-05,31.0,18.0,0.0,50
2018-09-06,25.8,18.6,0.0,45
2018-09-07,27.4,17.7,0.0,37
2018-09-08,25.9,14.1,0.0,46
2018-09-09,27.4,13.6,0.0,63
2018-09-10,28.1,14.4,0.0,60
2018-09-11,27.4,17.7,0.1,61
2018-09-12,28.2,16.0,0.0,70
2018-09-13,28.2,16.5,0.0,69
2018-09-14,28.9,19.3,0.0,70
2018-09-15,24.7,18.0,0.0,47
2018-09-16,25.6,15.9,0.0,37
2018-09-17,25.3,12.4,0.2,45
2018-09-18,23.7,15.9,0.0,58
2018-09-19,21.9,14.2,0.0,74
2018-09-20,25.7,13.5,0.0,72
2018-09-21,25.1,14.2,0.0,33
2018-09-22,23.4,12.2,0.0,30
2018-09-23,23.6,9.2,0.0,33
2018-09-24,22.7,10.2,0.0,45
2018-09-25,23.2,9.5,0.0,57
2018-09-26,23.6,14.3,0.0,61
2018-09-27,21.5,11.9,6.9,69
2018-09-28,24.3,10.2,0.2,69
2018-09-29,20.3,10.4,0.0,47
2018-09-30,19.2,6.6,0.5,45
2018-10-01,24.9,12.2,0.0,36
2018-10-02,24.4,11.5,0.0,41
2018-10-03,25.0,10.8,0.0,42
2018-10-04,25.5,10.1,0.0,58
2018-10-05,24.9,11.1,0.0,69
2018-10-06,19.8,11.4,0.0,27
2018-10-07,21.2,6.5,0.0,29
2018-10-08,20.8,8.3,0.0,31
2018-10-09,15.5,7.3,0.0,30
2018-10-10,16.2,3.0,0.0,41
2018-10-11,16.8,3.5,0.0,37
2018-10-12,19.1,5.5,0.0,46
2018-10-13,19.9,5.6,0.0,53
2018-10-14,20.6,7.5,0.0,61
2018-10-15,17.3,11.1,4.8,73
2018-10-16,18.6,9.1,3.4,64
2018-10-17,16.5,5.9,0.0,52
2018-10-18,16.9,4.0,0.0,51
2018-10-19,18.1,4.8,0.0,55
2018-10-20,18.2,4.1,0.0,54
2018-10-21,17.6,5.6,0.0,60
2018-10-22,19.0,5.6,0.1,61
2018-10-23,19.2,4.8,0.0,38
2018-10-24,20.3,5.5,0.0,49
2018-10-25,17.0,6.3,0.7,65
2018-10-26,12.1,5.4,0.0,19
2018-10-27,18.4,1.3,0.0,31
2018-10-28,17.4,5.2,0.0,37
2018-10-29,14.9,2.8,0.0,36
2018-10-30,16.0,3.8,0.0,40
2018-10-31,15.1,1.5,0.0,48
2018-11-01,16.6,3.0,0.0,54
2018-11-02,17.3,2.6,0.0,67
2018-11-03,17.4,3.5,0.0,73
2018-11-04,10.4,5.6,5.5,81
2018-11-05,9.5,0.5,0.0,64
2018-11-06,9.9,2.0,0.0,41
2018-11-07,11.3,-0.6,0.0,53
2018-11-08,12.7,3.0,0.0,60
2018-11-09,14.3,1.6,0.0,41
2018-11-10,10.8,-0.9,0.0,40
2018-11-11,14.0,2.4,0.0,51
2018-11-12,13.8,1.3,0.0,70
2018-11-13,13.4,1.6,0.0,83
2018-11-14,13.9,3.4,0.0,83
2018-11-15,9.4,3.3,0.9,44
2018-11-16,7.8,-1.1,0.0,27
2018-11-17,9.7,-0.3,0.0,44
2018-11-18,10.2,-2.5,0.0,40
2018-11-19,8.5,-2.8,0.0,49
2018-11-20,9.8,-0.7,0.0,40
2018-11-21,7.3,-0.8,0.0,31
2018-11-22,7.7,-4.6,0.0,37
2018-11-23,7.3,-2.9,0.0,61
2018-11-24,9.3,-2.8,0.0,54
2018-11-25,10.6,-2.5,0.0,47
2018-11-26,8.3,-3.2,0.0,74
2018-11-27,9.1,-0.9,0.0,22
2018-11-28,6.7,-4.6,0.0,43
2018-11-29,6.3,-3.6,0.0,46
2018-11-30,6.7,-4.3,0.0,70
2018-12-01,6.9,-3.8,0.3,66
2018-12-02,9.0,2.1,1.0,86
2018-12-03,7.0,-0.8,0.0,24
2018-12-04,3.1,-5.5,0.0,28
2018-12-05,2.1,-6.6,0.0,45
2018-12-06,-1.7,-8.4,0.0,21
2018-12-07,-5.4,-9.8,0.0,13
2018-12-08,-1.7,-10.4,0.0,14
2018-12-09,-1.5,-9.7,0.0,17
2018-12-10,-0.6,-10.4,0.0,23
2018-12-11,-2.0,-7.2,0.0,19
2018-12-12,0.1,-8.3,0.0,21
2018-12-13,3.3,-5.9,0.0,21
2018-12-14,2.6,-8.9,0.0,30
2018-12-15,1.3,-8.6,0.0,37
2018-12-16,7.1,-6.5,0.0,33
2018-12-17,7.0,-3.1,0.0,34
2018-12-18,7.4,-4.0,0.0,36
2018-12-19,7.6,-4.0,0.0,41
2018-12-20,5.7,-4.9,0.0,48
2018-12-21,7.9,-4.5,0.0,51
2018-12-22,7.1,-2.2,0.0,31
2018-12-23,-0.7,-7.0,0.0,20
2018-12-24,0.4,-8.6,0.0,29
2018-12-25,2.5,-7.3,0.0,20
2018-12-26,-3.2,-8.1,0.0,14
2018-12-27,-7.1,-11.8,0.0,11
2018-12-28,-3.8,-13.7,0.0,16
2018-12-29,-2.1,-11.6,0.0,15
2018-12-30,-3.5,-11.2,0.0,21
2018-12-31,-2.5,-10.7,0.0,26
2019-01-01,0.2,-10.8,0.0,36
2019-01-02,-0.4,-10.2,0.0,34
2019-01-03,0.6,-9.2,0.0,41
2019-01-04,1.8,-6.2,0.0,21
2019-01-05,-0.4,-8.2,0.0,17
2019-01-06,0.8,-9.8,0.0,22
2019-01-07,1.8,-7.8,0.0,26
2019-01-08,0.9,-7.0,0.0,21
2019-01-09,1.7,-10.2,0.0,23
2019-01-10,4.5,-9.1,0.0,28
2019-01-11,4.6,-4.5,0.0,36
2019-01-12,4.9,-7.3,0.0,50
2019-01-13,5.6,-5.2,0.0,33
2019-01-14,4.8,-8.4,0.0,35
2019-01-15,-1.7,-8.2,0.0,14
2019-01-16,1.1,-10.7,0.0,13
2019-01-17,4.7,-6.4,0.0,11
2019-01-18,6.8,-6.0,0.0,19
2019-01-19,4.6,-3.0,0.0,26
2019-01-20,4.5,-4.6,0.0,25
2019-01-21,8.0,-5.4,0.0,23
2019-01-22,10.2,-2.0,0.0,23
2019-01-23,8.8,-3.1,0.0,28
2019-01-24,5.3,-4.9,0.0,67
2019-01-25,4.7,-3.3,0.0,24
2019-01-26,3.4,-6.0,0.0,22
2019-01-27,8.4,-4.5,0.0,25
2019-01-28,5.7,-3.7,0.0,19
2019-01-29,5.0,-5.1,0.0,32
2019-01-30,2.9,-3.3,0.0,19
2019-01-31,1.4,-7.5,0.0,12
2019-02-01,4.3,-7.6,0.0,23
2019-02-02,1.8,-5.6,0.1,58
2019-02-03,8.5,-4.6,0.0,26
2019-02-04,3.6,-6.5,0.0,44
2019-02-05,3.9,-5.4,0.0,49
2019-02-06,-0.6,-6.0,0.0,38
2019-02-07,-2.9,-11.0,0.0,11
2019-02-08,-1.6,-8.0,0.0,12
2019-02-09,-1.8,-8.6,0.0,17
2019-02-10,-1.1,-8.8,0.0,19
2019-02-11,2.6,-10.0,0.0,32
2019-02-12,-2.2,-7.2,0.6,40
2019-02-13,-0.3,-8.5,0.0,37
2019-02-14,-1.7,-6.2,0.9,64
2019-02-15,1.2,-7.7,0.0,28
2019-02-16,3.0,-8.1,0.0,23
2019-02-17,4.6,-7.2,0.0,24
2019-02-18,4.0,-4.6,0.0,29
2019-02-19,7.2,-2.9,0.2,51
2019-02-20,7.5,-4.3,0.0,34
2019-02-21,10.0,-4.5,0.0,43
2019-02-22,10.7,-3.0,0.0,35
2019-02-23,12.0,-3.4,0.0,41
2019-02-24,12.3,-2.3,0.0,40
2019-02-25,10.8,-1.5,0.0,41
2019-02-26,10.3,-2.6,0.0,41
2019-02-27,11.9,-4.1,0.0,47
2019-02-28,13.8,-2.4,0.0,44
2019-03-01,14.7,-0.1,0.0,49
2019-03-02,16.4,0.5,0.0,54
2019-03-03,15.8,-0.4,0.0,50
2019-03-04,16.8,0.4,0.0,41
2019-03-05,17.0,0.9,0.0,36
2019-03-06,10.5,0.6,0.0,23
2019-03-07,12.9,-3.7,0.0,24
2019-03-08,13.8,-1.0,0.0,34
2019-03-09,13.8,2.4,0.0,40
2019-03-10,12.9,1.4,2.3,64
2019-03-11,16.0,-1.8,0.0,42
2019-03-12,11.0,-2.1,0.0,15
2019-03-13,16.6,-0.8,0.0,21
2019-03-14,15.7,-0.4,0.2,23
2019-03-15,14.7,2.4,0.0,23
2019-03-16,20.0,-0.1,0.0,27
2019-03-17,20.4,1.3,0.0,30
2019-03-18,21.6,4.7,0.0,35
2019-03-19,25.1,3.9,0.0,40
2019-03-20,20.9,10.8,3.0,53
2019-03-21,12.5,3.9,0.0,21
2019-03-22,14.6,-2.7,0.0,22
2019-03-23,12.6,0.6,0.0,18
2019-03-24,20.7,-0.5,0.0,22
2019-03-25,21.3,2.3,0.0,18
2019-03-26,18.8,4.5,0.0,29
2019-03-27,21.1,3.5,0.1,38
2019-03-28,10.2,2.5,0.2,36
2019-03-29,14.2,0.5,0.9,30
2019-03-30,11.6,2.3,0.0,17
2019-03-31,15.9,-1.3,0.0,21
2019-04-01,15.8,1.0,0.0,22
2019-04-02,18.1,1.6,0.0,25
2019-04-03,20.3,1.0,0.0,37
2019-04-04,30.4,5.2,0.0,27
2019-04-05,22.2,8.1,0.0,19
2019-04-06,20.2,6.2,0.0,18
2019-04-07,19.7,4.8,0.0,32
2019-04-08,17.1,4.2,0.0,22
2019-04-09,11.0,5.5,2.0,42
2019-04-10,17.7,2.1,0.0,39
2019-04-11,18.0,8.5,0.0,36
2019-04-12,22.4,6.0,0.0,42
2019-04-13,21.5,7.1,0.6,42
2019-04-14,23.5,5.1,0.0,14
2019-04-15,26.5,7.3,0.0,23
2019-04-16,26.5,11.6,0.0,34
2019-04-17,29.1,14.0,0.0,46
2019-04-18,23.6,12.1,0.0,24
2019-04-19,20.1,10.8,1.1,28
2019-04-20,12.2,9.4,1.8,70
2019-04-21,22.9,7.6,0.0,56
2019-04-22,26.7,7.5,0.0,63
2019-04-23,28.8,14.5,0.0,63
2019-04-24,19.0,6.4,13.8,69
2019-04-25,16.8,5.4,4.6,52
2019-04-26,18.9,8.7,1.9,51
2019-04-27,12.9,6.5,5.3,72
2019-04-28,17.6,5.3,0.0,71
2019-04-29,22.6,9.5,0.0,68
2019-04-30,24.2,10.7,0.0,32
2019-05-01,28.0,11.4,0.0,19
2019-05-02,29.8,9.4,0.0,26
2019-05-03,29.0,13.3,0.0,36
2019-05-04,28.3,16.6,0.0,39
2019-05-05,22.5,15.3,0.0,26
2019-05-06,24.8,8.0,0.0,15
2019-05-07,28.2,9.8,0.0,18
2019-05-08,25.7,14.5,0.0,29
2019-05-09,30.3,13.4,0.0,24
2019-05-10,29.9,14.7,0.0,34
2019-05-11,28.6,15.5,0.0,47
2019-05-12,24.7,14.8,0.9,49
2019-05-13,24.6,8.4,0.0,19
2019-05-14,28.2,10.1,0.0,33
2019-05-15,30.2,15.6,0.0,48
2019-05-16,33.3,16.1,0.0,48
2019-05-17,32.5,18.5,1.4,62
2019-05-18,26.5,18.2,1.1,71
2019-05-19,24.4,13.8,7.7,46
2019-05-20,25.8,11.4,0.0,22
2019-05-21,30.8,11.1,0.0,30
2019-05-22,34.6,13.3,0.0,32
2019-05-23,37.0,18.1,0.0,33
2019-05-24,34.8,17.6,0.0,36
2019-05-25,34.6,19.6,0.0,43
2019-05-26,25.0,19.6,11.1,61
2019-05-27,27.7,16.9,0.0,32
2019-05-28,31.7,11.8,0.0,31
2019-05-29,32.6,17.7,0.0,33
2019-05-30,30.9,20.8,0.0,27
2019-05-31,30.7,15.4,0.0,17
2019-06-01,28.5,18.7,0.0,35
2019-06-02,33.1,16.4,0.0,48
2019-06-03,32.7,18.9,0.0,45
2019-06-04,28.5,18.7,0.6,57
2019-06-05,30.0,18.4,0.0,51
2019-06-06,25.0,19.1,12.0,74
2019-06-07,29.9,17.3,0.0,68
2019-06-08,33.0,17.7,0.1,50
2019-06-09,31.9,21.3,0.0,31
2019-06-10,33.4,17.7,0.0,40
2019-06-11,32.8,17.7,0.0,52
2019-06-12,33.7,20.1,0.0,49
2019-06-13,31.3,22.9,3.1,56
2019-06-14,35.5,20.2,0.0,43
2019-06-15,31.9,19.7,0.0,40
2019-06-16,23.3,18.1,9.3,65
2019-06-17,28.1,18.1,0.0,57
2019-06-18,32.2,18.3,0.0,61
2019-06-19,32.3,21.6,0.1,63
2019-06-20,35.2,22.3,0.0,63
2019-06-21,30.0,23.6,0.1,60
2019-06-22,35.0,20.8,0.0,41
2019-06-23,35.3,23.2,0.0,43
2019-06-24,37.8,21.7,0.0,37
2019-06-25,35.6,24.5,0.0,37
2019-06-26,35.4,23.5,0.0,42
2019-06-27,36.1,22.9,0.0,45
2019-06-28,33.0,23.9,8.7,59
2019-06-29,34.3,22.2,0.0,44
2019-06-30,33.9,23.2,0.0,30
2019-07-01,34.3,20.3,0.0,32
2019-07-02,34.5,22.4,0.1,43
2019-07-03,37.0,20.8,0.0,46
2019-07-04,38.8,24.5,0.0,35
2019-07-05,32.9,22.9,22.0,58
2019-07-06,27.2,20.5,8.1,63
2019-07-07,27.7,19.0,7.1,76
2019-07-08,29.2,19.1,0.0,72
2019-07-09,25.7,21.1,1.1,74
2019-07-10,27.4,19.9,7.6,79
2019-07-11,29.6,18.9,0.2,69
2019-07-12,33.0,20.0,0.0,60
2019-07-13,32.4,22.0,1.3,67
2019-07-14,32.1,22.8,0.0,67
2019-07-15,33.3,22.4,0.0,63
2019-07-16,33.1,23.6,0.4,58
2019-07-17,27.9,22.9,23.8,83
2019-07-18,31.5,22.7,0.4,77
2019-07-19,31.7,23.9,0.1,71
2019-07-20,29.5,24.2,2.5,79
2019-07-21,36.1,24.1,0.0,73
2019-07-22,31.5,26.3,14.5,76
2019-07-23,33.2,24.5,47.9,73
2019-07-24,34.7,24.2,0.0,76
2019-07-25,34.3,25.8,0.0,64
2019-07-26,34.7,24.3,0.0,78
2019-07-27,35.8,25.3,0.0,68
2019-07-28,34.9,25.8,1.9,73
2019-07-29,28.9,21.8,48.2,88
2019-07-30,31.6,20.0,0.0,80
2019-07-31,33.7,22.9,0.0,69
2019-08-01,30.9,24.7,14.1,80
2019-08-02,27.0,22.8,3.5,88
2019-08-03,29.5,21.1,0.5,84
2019-08-04,29.2,23.7,10.9,85
2019-08-05,29.1,22.3,13.2,88
2019-08-06,29.5,22.3,6.2,88
2019-08-07,29.0,22.8,3.3,86
2019-08-08,30.6,22.6,0.2,84
2019-08-09,30.2,24.0,11.6,86
2019-08-10,26.3,22.6,19.8,93
2019-08-11,25.3,22.5,7.1,91
2019-08-12,28.6,22.8,11.7,72
2019-08-13,30.8,22.0,1.0,68
2019-08-14,31.2,21.6,0.0,73
2019-08-15,31.5,20.6,5.5,78
2019-08-16,29.4,21.2,1.6,50
2019-08-17,30.8,19.8,0.0,46
2019-08-18,30.2,17.6,0.0,60
2019-08-19,30.3,19.7,0.0,72
2019-08-20,25.0,20.2,6.7,78
2019-08-21,30.7,17.2,0.0,60
2019-08-22,30.6,18.1,0.0,53
2019-08-23,30.5,18.1,0.0,52
2019-08-24,31.2,19.0,0.0,60
2019-08-25,30.4,17.6,0.0,62
2019-08-26,27.7,19.9,0.0,74
2019-08-27,33.3,17.4,0.0,51
2019-08-28,30.9,18.3,0.0,30
2019-08-29,30.4,18.4,0.0,34
2019-08-30,30.4,19.7,0.0,39
2019-08-31,31.9,17.5,0.0,44
2019-09-01,32.9,19.1,0.0,41
2019-09-02,34.1,18.0,0.0,44
2019-09-03,33.8,19.1,0.0,48
2019-09-04,32.2,19.6,0.0,50
2019-09-05,33.2,19.0,0.0,46
2019-09-06,33.8,19.8,0.0,48
2019-09-07,35.2,19.9,0.0,46
2019-09-08,36.0,22.1,0.0,44
2019-09-09,34.0,20.7,3.4,57
2019-09-10,22.9,19.3,29.3,83
2019-09-11,24.9,18.9,0.0,69
2019-09-12,24.9,18.7,2.9,67
2019-09-13,27.4,19.1,12.1,71
2019-09-14,28.5,17.5,0.0,56
2019-09-15,27.1,15.0,0.0,69
2019-09-16,26.3,14.6,0.0,51
2019-09-17,27.9,15.4,0.0,63
2019-09-18,25.1,13.3,0.0,34
2019-09-19,26.9,12.8,0.0,51
2019-09-20,28.0,14.3,0.0,58
2019-09-21,27.3,15.4,0.0,66
2019-09-22,27.3,16.2,0.0,69
2019-09-23,30.8,16.5,0.0,51
2019-09-24,31.1,19.1,0.0,32
2019-09-25,31.0,14.4,0.0,47
2019-09-26,30.5,15.7,0.0,51
2019-09-27,29.3,14.1,0.0,53
2019-09-28,29.9,14.8,0.0,52
2019-09-29,31.2,16.4,0.0,55
2019-09-30,31.0,16.0,0.0,58
2019-10-01,30.9,18.3,0.0,48
2019-10-02,30.5,16.3,0.0,53
2019-10-03,31.4,18.2,0.0,61
2019-10-04,20.8,11.6,12.7,73
2019-10-05,17.9,8.5,0.0,45
2019-10-06,17.6,8.5,0.0,59
2019-10-07,22.8,8.2,0.0,67
2019-10-08,20.3,9.9,0.0,40
2019-10-09,22.5,9.0,0.0,58
2019-10-10,20.9,12.3,0.0,71
2019-10-11,19.9,12.1,0.0,61
2019-10-12,18.0,13.6,0.1,51
2019-10-13,14.5,6.5,4.7,69
2019-10-14,14.2,3.4,0.0,31
2019-10-15,15.9,3.7,0.0,46
2019-10-16,15.1,6.9,0.0,54
2019-10-17,13.9,7.8,2.1,77
2019-10-18,17.9,6.0,0.0,76
2019-10-19,19.4,6.9,0.0,81
2019-10-20,21.3,9.1,0.0,52
2019-10-21,18.5,5.9,0.0,44
2019-10-22,19.6,5.8,0.0,64
2019-10-23,20.9,8.4,0.0,67
2019-10-24,15.3,7.8,3.0,63
2019-10-25,13.2,3.6,0.0,38
2019-10-26,15.4,2.1,0.0,58
2019-10-27,17.0,2.9,0.0,65
2019-10-28,14.0,4.4,0.0,33
2019-10-29,15.6,1.9,0.0,42
2019-10-30,19.3,3.2,0.0,56
2019-10-31,23.3,6.3,0.0,43
2019-11-01,17.6,6.3,0.0,58
2019-11-02,15.0,9.1,0.8,69
2019-11-03,13.6,6.2,1.2,63
2019-11-04,15.8,3.2,0.0,72
2019-11-05,16.0,5.3,0.0,68
2019-11-06,14.5,7.8,0.0,76
2019-11-07,11.2,3.5,0.0,40
2019-11-08,14.3,0.3,0.0,62
2019-11-09,13.9,2.7,2.1,71
2019-11-10,16.5,7.8,14.0,54
2019-11-11,16.4,3.6,0.0,50
2019-11-12,15.5,6.8,0.0,58
2019-11-13,14.8,-0.8,0.0,27
2019-11-14,5.4,-2.9,0.0,45
2019-11-15,8.4,-2.2,0.0,56
2019-11-16,9.5,4.5,0.0,65
2019-11-17,10.0,-1.4,0.0,51
2019-11-18,3.8,-4.7,0.0,22
2019-11-19,6.3,-4.3,0.0,25
2019-11-20,5.8,-5.0,0.0,48
2019-11-21,6.0,-1.4,0.2,69
2019-11-22,10.3,-1.5,0.0,81
2019-11-23,13.3,4.6,0.0,66
2019-11-24,9.0,-3.2,0.0,20
2019-11-25,1.6,-5.7,0.0,28
2019-11-26,4.1,-6.0,0.0,42
2019-11-27,3.2,-5.7,0.0,26
2019-11-28,1.3,-6.9,0.0,50
2019-11-29,3.5,-5.0,0.6,56
2019-11-30,6.3,-4.6,0.9,59
2019-12-01,3.2,-3.6,0.0,28
2019-12-02,4.7,-6.1,0.0,31
2019-12-03,8.8,-5.5,0.0,40
2019-12-04,9.2,-3.3,0.0,41
2019-12-05,1.7,-5.8,0.0,49
2019-12-06,2.1,-7.6,0.0,60
2019-12-07,4.3,-5.3,0.0,54
2019-12-08,2.9,-6.3,0.0,64
2019-12-09,6.3,-7.5,0.0,76
2019-12-10,8.8,-5.8,0.0,59
2019-12-11,2.6,-5.9,0.0,29
2019-12-12,3.4,-6.8,0.0,31
2019-12-13,9.1,-5.1,0.0,33
2019-12-14,4.1,-4.9,0.0,48
2019-12-15,3.6,-5.1,0.1,64
2019-12-16,2.2,-2.1,4.9,83
2019-12-17,4.2,-3.5,0.0,36
2019-12-18,0.3,-6.9,0.0,44
2019-12-19,0.4,-5.9,0.0,32
2019-12-20,0.8,-7.6,0.0,33
2019-12-21,2.7,-8.8,0.0,43
2019-12-22,3.7,-6.2,0.0,46
2019-12-23,0.8,-5.1,0.0,50
2019-12-24,1.7,-4.1,0.0,79
2019-12-25,4.7,-5.1,0.0,59
2019-12-26,3.2,-5.4,0.0,41
2019-12-27,2.8,-6.6,0.0,47
2019-12-28,3.3,-5.6,0.0,57
2019-12-29,6.4,-5.5,0.0,59
2019-12-30,-4.0,-9.7,0.0,19
2019-12-31,-3.6,-12.3,0.0,22
2020-01-01,-0.8,-10.7,0.0,22
2020-01-02,2.3,-9.9,0.0,30
2020-01-03,5.9,-6.8,0.0,39
2020-01-04,6.9,-4.8,0.0,41
2020-01-05,3.0,-5.5,1.8,73
2020-01-06,4.6,-3.4,1.3,83
2020-01-07,4.5,-1.4,0.0,35
2020-01-08,3.6,-4.8,0.0,36
2020-01-09,1.8,-6.5,0.0,47
2020-01-10,5.7,-5.4,0.0,41
2020-01-11,-0.0,-4.8,0.0,35
2020-01-12,2.0,-6.0,0.0,39
2020-01-13,1.0,-6.8,0.0,30
2020-01-14,-0.3,-7.3,0.0,36
2020-01-15,1.3,-9.7,0.0,45
2020-01-16,1.7,-7.4,0.0,36
2020-01-17,2.9,-6.6,0.0,43
2020-01-18,2.4,-6.3,0.0,55
2020-01-19,4.4,-6.2,0.0,32
2020-01-20,4.0,-3.5,0.0,29
2020-01-21,3.7,-5.5,0.0,43
2020-01-22,4.9,-5.1,0.0,46
2020-01-23,6.9,-5.5,0.0,46
2020-01-24,4.0,-5.8,0.0,64
2020-01-25,4.5,-6.2,0.0,68
2020-01-26,3.5,-6.2,0.0,63
2020-01-27,4.3,-3.4,0.0,55
2020-01-28,5.7,-3.0,0.0,54
2020-01-29,7.2,-2.5,0.0,54
2020-01-30,5.3,-5.2,0.0,49
2020-01-31,9.1,-5.7,0.0,47
2020-02-01,4.5,-4.2,0.1,33
2020-02-02,4.7,-2.7,1.4,59
2020-02-03,2.5,-6.4,0.0,37
2020-02-04,1.3,-5.4,0.0,30
2020-02-05,-4.7,-8.4,0.3,42
2020-02-06,-2.7,-8.0,1.6,73
2020-02-07,3.1,-8.3,0.0,70
2020-02-08,6.8,-5.2,0.0,43
2020-02-09,9.9,-5.6,0.0,56
2020-02-10,11.2,-3.4,0.0,52
2020-02-11,10.5,-3.4,0.0,73
2020-02-12,11.3,-2.3,0.0,80
2020-02-13,10.5,-1.6,1.9,89
2020-02-14,6.7,-3.6,15.8,81
2020-02-15,1.4,-6.1,0.0,32
2020-02-16,4.3,-4.0,0.0,27
2020-02-17,9.4,-4.6,0.0,36
2020-02-18,11.0,-3.5,0.0,48
2020-02-19,9.6,-3.4,0.0,65
2020-02-20,7.7,-3.5,0.0,77
2020-02-21,10.3,-3.6,0.2,57
2020-02-22,9.7,-2.5,0.0,30
2020-02-23,9.4,-3.3,0.0,48
2020-02-24,11.5,-0.7,0.2,51
2020-02-25,9.7,0.8,0.0,44
2020-02-26,8.9,-2.7,0.0,51
2020-02-27,7.1,-0.8,0.0,47
2020-02-28,9.5,-3.4,0.0,66
2020-02-29,4.6,-0.7,0.4,91
2020-03-01,10.7,-2.0,0.0,50
2020-03-02,11.3,-4.6,3.1,52
2020-03-03,8.3,-2.7,0.0,39
2020-03-04,7.1,-4.3,0.0,29
2020-03-05,8.9,-3.6,0.0,43
2020-03-06,11.0,-2.6,1.2,69
2020-03-07,14.3,0.7,0.0,58
2020-03-08,9.2,-0.0,2.0,87
2020-03-09,12.8,3.5,3.8,69
2020-03-10,11.1,-3.4,0.0,30
2020-03-11,14.5,-4.6,0.0,48
2020-03-12,14.3,2.2,0.0,38
2020-03-13,11.4,-3.0,0.0,24
2020-03-14,15.0,-3.1,0.0,27
2020-03-15,17.1,2.2,0.0,34
2020-03-16,13.9,-2.1,0.0,55
2020-03-17,20.2,0.5,0.0,40
2020-03-18,24.4,3.6,0.0,34
2020-03-19,17.3,4.1,0.0,16
2020-03-20,24.5,2.8,0.0,27
2020-03-21,18.2,6.7,0.0,28
2020-03-22,21.1,2.7,0.0,34
2020-03-23,22.6,5.7,0.0,26
2020-03-24,19.0,4.3,0.0,40
2020-03-25,22.9,8.3,0.3,51
2020-03-26,15.3,4.3,4.7,39
2020-03-27,13.8,-1.2,0.0,13
2020-03-28,13.6,-2.5,0.0,19
2020-03-29,17.2,0.0,0.0,35
2020-03-30,19.5,3.4,0.0,46
2020-03-31,20.4,7.4,0.2,46
2020-04-01,14.8,5.5,0.0,17
2020-04-02,20.2,2.6,0.0,19
2020-04-03,24.0,5.7,0.0,19
2020-04-04,17.1,7.9,0.0,19
2020-04-05,18.4,3.3,0.0,27
2020-04-06,23.8,5.8,0.0,31
2020-04-07,18.0,8.4,0.0,22
2020-04-08,17.3,3.4,0.4,34
2020-04-09,13.3,6.5,0.0,38
2020-04-10,16.8,4.7,0.0,37
2020-04-11,22.5,5.1,0.0,22
2020-04-12,23.8,9.9,0.0,14
2020-04-13,26.5,5.8,0.0,24
2020-04-14,26.1,9.5,0.0,32
2020-04-15,25.1,11.6,0.4,40
2020-04-16,20.2,10.9,7.1,46
2020-04-17,22.4,11.3,0.0,35
2020-04-18,21.5,8.1,0.0,39
2020-04-19,22.6,11.5,1.1,44
2020-04-20,15.6,6.8,0.0,23
2020-04-21,12.6,4.0,0.0,15
2020-04-22,15.6,1.4,0.0,13
2020-04-23,18.7,5.3,0.0,11
2020-04-24,29.6,5.4,0.0,12
2020-04-25,22.4,11.9,0.0,18
2020-04-26,21.6,7.8,0.0,23
2020-04-27,24.1,6.6,0.0,34
2020-04-28,29.2,10.7,0.0,30
2020-04-29,29.6,16.2,0.0,33
2020-04-30,33.5,14.6,0.0,41
2020-05-01,34.7,17.1,0.0,49
2020-05-02,33.1,20.4,0.0,49
2020-05-03,27.8,18.0,0.0,63
2020-05-04,19.7,11.9,0.2,60
2020-05-05,26.6,9.2,0.0,68
2020-05-06,26.8,13.1,0.0,59
2020-05-07,23.2,13.8,3.8,59
2020-05-08,18.0,12.2,10.8,79
2020-05-09,20.6,9.8,0.0,76
2020-05-10,24.2,10.3,0.0,38
2020-05-11,28.0,13.4,0.0,23
2020-05-12,26.9,10.9,0.0,31
2020-05-13,29.7,12.0,0.0,49
2020-05-14,30.3,17.1,0.0,44
2020-05-15,23.3,15.5,0.0,67
2020-05-16,26.1,14.8,0.3,53
2020-05-17,21.9,11.4,0.0,26
2020-05-18,27.3,13.8,0.0,23
2020-05-19,30.0,15.1,0.0,28
2020-05-20,28.5,14.6,0.0,41
2020-05-21,24.3,14.9,6.1,68
2020-05-22,30.8,14.4,0.0,58
2020-05-23,27.7,16.5,1.4,48
2020-05-24,29.3,17.4,0.0,34
2020-05-25,24.1,16.4,0.5,44
2020-05-26,27.7,15.6,0.0,37
2020-05-27,29.8,14.8,0.0,36
2020-05-28,32.7,13.5,0.0,41
2020-05-29,32.1,16.7,0.0,50
2020-05-30,31.4,17.3,0.0,51
2020-05-31,27.8,17.1,4.9,51
2020-06-01,30.2,13.2,0.1,43
2020-06-02,32.9,14.0,0.0,53
2020-06-03,34.4,19.0,0.0,32
2020-06-04,31.4,19.4,0.0,30
2020-06-05,30.5,16.9,0.0,39
2020-06-06,31.4,16.1,0.0,40
2020-06-07,36.5,18.1,0.0,39
2020-06-08,37.8,24.5,0.0,27
2020-06-09,30.9,21.7,0.1,44
2020-06-10,34.7,20.0,1.5,56
2020-06-11,32.5,21.5,0.0,55
2020-06-12,34.2,21.4,0.0,50
2020-06-13,33.4,22.1,0.0,43
2020-06-14,35.4,21.9,0.0,24
2020-06-15,37.6,21.1,0.0,25
2020-06-16,36.5,21.6,0.0,34
2020-06-17,29.7,24.3,0.0,41
2020-06-18,33.2,21.4,0.9,54
2020-06-19,33.6,20.4,0.0,50
2020-06-20,33.3,23.1,0.0,48
2020-06-21,36.0,25.3,0.0,40
2020-06-22,33.9,25.9,0.0,42
2020-06-23,32.7,23.5,0.0,55
2020-06-24,33.6,21.1,3.2,59
2020-06-25,26.1,19.3,22.8,84
2020-06-26,27.1,17.7,0.0,77
2020-06-27,31.0,20.6,0.0,70
2020-06-28,30.6,21.2,0.9,65
2020-06-29,29.6,21.8,0.6,65
2020-06-30,32.9,20.7,0.0,48
2020-07-01,32.4,21.7,1.5,55
2020-07-02,28.9,21.8,2.8,72
2020-07-03,25.6,20.5,16.4,84
2020-07-04,29.4,19.5,0.0,72
2020-07-05,29.9,21.5,0.1,75
2020-07-06,31.4,20.2,0.0,74
2020-07-07,32.0,21.7,0.0,55
2020-07-08,32.7,19.3,0.0,62
2020-07-09,24.8,18.6,12.4,80
2020-07-10,26.1,17.9,0.2,78
2020-07-11,28.3,20.4,0.6,80
2020-07-12,26.9,21.8,9.7,86
2020-07-13,28.6,20.2,1.0,80
2020-07-14,30.7,20.2,0.0,72
2020-07-15,32.7,20.5,0.0,69
2020-07-16,32.5,22.2,0.0,68
2020-07-17,30.4,21.3,6.5,71
2020-07-18,28.3,20.7,1.4,79
2020-07-19,31.6,20.6,0.1,65
2020-07-20,33.6,19.9,0.0,61
2020-07-21,34.3,24.1,0.0,56
2020-07-22,33.9,22.0,0.1,53
2020-07-23,34.3,20.4,0.0,50
2020-07-24,37.1,21.9,0.0,46
2020-07-25,35.9,23.0,0.0,50
2020-07-26,28.8,21.5,4.6,67
2020-07-27,28.7,21.4,30.1,77
2020-07-28,30.0,20.9,1.8,77
2020-07-29,32.2,21.7,0.1,78
2020-07-30,34.5,23.3,0.0,68
2020-07-31,33.4,25.5,5.5,67
2020-08-01,32.6,24.6,0.3,77
2020-08-02,34.1,23.9,0.0,72
2020-08-03,36.0,24.0,0.3,59
2020-08-04,36.4,24.1,0.0,49
2020-08-05,30.9,24.3,14.4,84
2020-08-06,30.9,22.2,0.2,78
2020-08-07,31.7,23.2,0.1,73
2020-08-08,31.7,21.3,0.0,67
2020-08-09,33.1,22.8,0.0,68
2020-08-10,32.9,22.2,2.3,70
2020-08-11,36.1,23.0,0.0,63
2020-08-12,30.4,23.0,68.0,87
2020-08-13,30.3,23.3,63.2,83
2020-08-14,32.1,22.6,0.0,81
2020-08-15,30.2,22.6,0.1,81
2020-08-16,25.8,21.6,6.0,89
2020-08-17,28.6,22.0,2.6,85
2020-08-18,26.4,22.5,9.6,82
2020-08-19,23.7,20.4,0.6,74
2020-08-20,24.8,18.6,0.5,75
2020-08-21,26.5,16.7,0.0,75
2020-08-22,27.1,17.2,0.0,71
2020-08-23,28.2,19.2,11.2,79
2020-08-24,32.3,20.5,39.8,74
2020-08-25,31.9,19.8,0.0,75
2020-08-26,28.7,22.0,0.0,86
2020-08-27,30.0,20.7,0.1,78
2020-08-28,29.3,19.4,0.0,71
2020-08-29,29.8,20.9,0.5,82
2020-08-30,30.1,22.8,1.0,79
2020-08-31,25.2,19.6,4.5,81
2020-09-01,31.2,16.8,0.7,63
2020-09-02,28.5,19.4,0.0,46
2020-09-03,27.1,18.1,0.0,45
2020-09-04,29.1,13.7,0.0,51
2020-09-05,29.6,16.9,0.0,58
2020-09-06,30.1,18.8,0.0,71
2020-09-07,30.9,19.0,0.3,63
2020-09-08,30.3,19.7,0.0,46
2020-09-09,30.8,18.2,0.0,42
2020-09-10,26.0,18.0,0.2,55
2020-09-11,26.0,19.2,0.1,59
2020-09-12,26.5,18.4,1.0,68
2020-09-13,26.2,17.4,1.6,73
2020-09-14,24.7,19.5,6.6,81
2020-09-15,22.8,16.7,17.5,90
2020-09-16,25.3,16.4,0.0,37
2020-09-17,26.5,15.4,0.0,37
2020-09-18,26.4,12.9,0.0,45
2020-09-19,26.9,12.5,0.0,55
2020-09-20,25.8,13.7,0.0,47
2020-09-21,26.9,15.1,0.0,71
2020-09-22,25.7,16.2,1.3,66
2020-09-23,18.4,15.6,13.5,92
2020-09-24,21.9,14.7,0.1,85
2020-09-25,24.7,13.4,0.0,79
2020-09-26,25.3,12.8,0.0,75
2020-09-27,25.7,13.0,0.0,73
2020-09-28,25.8,13.9,1.5,74
2020-09-29,18.5,11.7,16.2,74
2020-09-30,20.5,8.8,0.1,72
2020-10-01,21.1,13.2,4.9,78
2020-10-02,20.4,9.5,0.0,35
2020-10-03,21.3,7.8,0.0,55
2020-10-04,17.5,8.3,0.0,33
2020-10-05,18.1,6.2,0.0,42
2020-10-06,19.7,6.2,0.0,55
2020-10-07,21.4,9.8,0.0,65
2020-10-08,19.9,7.8,0.0,67
2020-10-09,21.6,10.9,0.0,70
2020-10-10,22.6,10.3,0.0,74
2020-10-11,18.9,11.5,0.0,47
2020-10-12,17.4,5.6,0.0,36
2020-10-13,20.3,6.2,0.0,39
2020-10-14,15.2,8.6,0.0,36
2020-10-15,17.8,5.6,0.3,65
2020-10-16,18.5,9.3,0.0,38
2020-10-17,20.8,4.8,0.0,45
2020-10-18,20.8,7.2,0.0,45
2020-10-19,20.8,7.6,0.0,49
2020-10-20,18.1,7.2,0.0,71
2020-10-21,15.8,6.6,0.1,26
2020-10-22,14.8,3.4,0.0,29
2020-10-23,16.2,2.5,0.0,34
2020-10-24,17.9,2.9,0.0,46
2020-10-25,18.1,5.8,0.0,57
2020-10-26,23.2,7.4,0.0,47
2020-10-27,16.8,6.5,0.0,24
2020-10-28,17.3,5.4,0.0,30
2020-10-29,16.6,5.4,0.0,47
2020-10-30,17.2,4.0,0.0,58
2020-10-31,18.7,8.4,0.1,46
2020-11-01,16.6,6.5,0.0,23
2020-11-02,11.6,2.7,0.0,25
2020-11-03,12.5,0.6,0.0,29
2020-11-04,12.5,-0.9,0.0,52
2020-11-05,15.6,1.7,0.0,61
2020-11-06,17.9,3.4,0.0,47
2020-11-07,18.2,5.7,0.0,22
2020-11-08,12.8,1.0,0.0,27
2020-11-09,14.3,2.0,0.0,34
2020-11-10,14.9,2.0,0.0,43
2020-11-11,15.0,2.1,0.0,63
2020-11-12,19.0,4.5,0.0,48
2020-11-13,14.5,2.6,0.0,42
2020-11-14,13.9,4.7,0.1,75
2020-11-15,14.5,2.5,0.0,72
2020-11-16,12.3,4.5,0.2,62
2020-11-17,11.1,7.5,1.5,85
2020-11-18,11.0,6.7,21.4,86
2020-11-19,7.5,3.2,0.0,52
2020-11-20,6.8,0.1,0.0,45
2020-11-21,2.7,-0.4,5.3,81
2020-11-22,4.0,-3.6,0.0,42
2020-11-23,5.1,-4.5,0.0,44
2020-11-24,5.4,-2.6,0.0,52
2020-11-25,7.4,-4.2,0.0,51
2020-11-26,5.1,-3.4,0.0,55
2020-11-27,5.4,-3.2,0.0,43
2020-11-28,2.2,-5.1,0.0,43
2020-11-29,5.2,-6.0,0.0,52
2020-11-30,2.1,-4.0,0.0,45
2020-12-01,2.5,-5.8,0.0,58
2020-12-02,3.3,-4.6,0.0,43
2020-12-03,3.7,-5.6,0.0,35
2020-12-04,3.3,-5.8,0.0,41
2020-12-05,3.3,-6.1,0.0,41
2020-12-06,6.0,-4.8,0.0,43
2020-12-07,0.4,-6.3,0.0,30
2020-12-08,0.8,-7.8,0.0,35
2020-12-09,3.3,-6.6,0.0,54
2020-12-10,5.0,-5.8,0.0,50
2020-12-11,4.4,-3.4,0.0,51
2020-12-12,3.4,-6.1,0.8,78
2020-12-13,-1.3,-8.1,0.0,24
2020-12-14,-1.9,-9.2,0.0,23
2020-12-15,-1.9,-10.6,0.0,22
2020-12-16,0.0,-7.7,0.0,27
2020-12-17,3.7,-7.7,0.0,32
2020-12-18,0.1,-7.6,0.0,25
2020-12-19,0.8,-10.1,0.0,28
2020-12-20,3.8,-5.8,0.0,39
2020-12-21,3.4,-6.6,0.0,43
2020-12-22,4.2,-6.0,0.0,49
2020-12-23,5.8,-5.0,0.0,32
2020-12-24,3.2,-5.3,0.0,31
2020-12-25,4.8,-6.3,0.0,33
2020-12-26,2.2,-6.0,0.0,55
2020-12-27,4.7,-5.4,0.0,51
2020-12-28,0.7,-4.7,0.0,54
2020-12-29,-5.3,-13.1,0.0,17
2020-12-30,-6.1,-13.7,0.0,19
2020-12-31,0.3,-12.6,0.0,22
2021-01-01,-0.3,-8.9,0.0,21
2021-01-02,-0.2,-8.9,0.0,53
2021-01-03,-2.3,-10.4,0.0,28
2021-01-04,-1.3,-7.8,0.0,25
2021-01-05,-3.6,-10.1,0.0,22
2021-01-06,-6.9,-19.8,0.0,15
2021-01-07,-7.6,-20.0,0.0,17
2021-01-08,-3.5,-13.6,0.0,24
2021-01-09,0.7,-12.0,0.0,29
2021-01-10,1.6,-6.4,0.0,27
2021-01-11,1.5,-4.8,0.0,27
2021-01-12,5.7,-8.1,0.0,29
2021-01-13,6.6,-5.0,0.0,29
2021-01-14,2.3,-5.0,0.0,73
2021-01-15,2.8,-5.2,0.0,39
2021-01-16,-0.3,-9.0,0.0,24
2021-01-17,2.3,-8.1,0.0,24
2021-01-18,3.4,-5.8,0.0,29
2021-01-19,-4.0,-8.3,0.0,58
2021-01-20,0.6,-8.3,0.0,64
2021-01-21,4.9,-7.1,0.0,56
2021-01-22,3.8,-5.5,0.0,53
2021-01-23,3.0,-6.9,0.2,69
2021-01-24,5.0,-6.0,0.0,60
2021-01-25,0.8,-4.6,1.8,77
2021-01-26,7.1,-6.1,0.0,58
2021-01-27,3.2,-5.5,0.1,36
2021-01-28,-1.7,-7.6,0.0,19
2021-01-29,-0.6,-11.1,0.0,23
2021-01-30,6.3,-8.8,0.0,39
2021-01-31,2.5,-6.6,0.0,71
2021-02-01,3.0,-6.0,0.0,27
2021-02-02,1.2,-8.4,0.0,16
2021-02-03,6.3,-8.8,0.0,20
2021-02-04,7.9,-4.7,0.0,29
2021-02-05,12.6,-3.9,0.0,30
2021-02-06,13.7,-1.2,0.0,41
2021-02-07,6.2,-3.0,0.0,40
2021-02-08,6.4,-6.2,0.0,39
2021-02-09,7.2,-5.6,0.0,55
2021-02-10,11.9,-4.1,0.0,52
2021-02-11,10.5,-4.2,0.0,75
2021-02-12,13.3,-0.5,0.0,63
2021-02-13,7.8,-1.0,0.0,92
2021-02-14,3.7,-1.0,1.5,83
2021-02-15,4.6,-6.1,0.0,36
2021-02-16,0.4,-5.7,0.0,27
2021-02-17,3.1,-7.4,0.0,19
2021-02-18,6.1,-7.1,0.0,33
2021-02-19,13.8,-4.5,0.0,39
2021-02-20,17.2,-0.1,0.0,41
2021-02-21,23.3,0.5,0.0,33
2021-02-22,11.3,1.1,0.0,37
2021-02-23,4.1,-2.7,0.8,60
2021-02-24,5.0,-5.3,0.0,67
2021-02-25,8.1,-3.8,0.0,64
2021-02-26,9.6,-4.9,0.0,73
2021-02-27,11.7,-3.1,0.0,59
2021-02-28,7.0,1.2,9.6,78
2021-03-01,4.9,-2.1,5.0,70
2021-03-02,5.8,-3.5,0.0,83
2021-03-03,10.1,-2.5,0.0,80
2021-03-04,13.8,0.3,0.0,83
2021-03-05,8.9,1.1,0.0,70
2021-03-06,2.8,-2.1,0.0,35
2021-03-07,7.8,-5.5,0.0,59
2021-03-08,10.4,-4.0,0.0,64
2021-03-09,15.4,-1.0,0.0,71
2021-03-10,16.3,0.9,0.0,76
2021-03-11,16.5,5.8,0.0,73
2021-03-12,12.0,4.6,2.9,83
2021-03-13,15.3,5.1,0.0,73
2021-03-14,14.2,5.3,0.1,79
2021-03-15,13.7,6.1,0.0,44
2021-03-16,14.1,0.8,0.0,19
2021-03-17,12.0,2.8,0.0,39
2021-03-18,10.6,4.9,0.7,61
2021-03-19,11.6,1.4,9.8,73
2021-03-20,13.5,1.7,0.1,53
2021-03-21,12.6,0.1,0.0,25
2021-03-22,18.3,-2.0,0.0,31
2021-03-23,20.7,2.1,0.0,40
2021-03-24,20.0,7.5,0.0,32
2021-03-25,21.9,3.4,0.0,43
2021-03-26,13.8,10.3,1.8,75
2021-03-27,19.9,9.6,0.0,74
2021-03-28,17.8,8.5,0.0,33
2021-03-29,18.7,4.8,0.0,18
2021-03-30,20.9,4.2,0.0,36
2021-03-31,24.4,7.3,0.0,39
2021-04-01,18.2,8.5,0.0,41
2021-04-02,16.0,11.8,0.4,51
2021-04-03,18.1,9.1,0.7,27
2021-04-04,19.4,6.8,0.0,17
2021-04-05,18.5,6.3,0.0,34
2021-04-06,20.8,5.3,0.0,43
2021-04-07,20.1,8.2,0.0,35
2021-04-08,19.3,3.5,0.0,38
2021-04-09,20.0,7.7,0.2,36
2021-04-10,21.1,6.7,0.0,42
2021-04-11,19.5,11.6,0.0,42
2021-04-12,17.9,8.6,0.1,50
2021-04-13,16.5,3.4,0.0,18
2021-04-14,21.9,2.9,0.0,20
2021-04-15,23.2,9.5,0.6,29
2021-04-16,17.5,4.0,0.0,17
2021-04-17,20.2,6.5,0.0,16
2021-04-18,24.5,5.1,0.0,25
2021-04-19,27.9,8.5,0.0,35
2021-04-20,27.0,13.2,0.0,43
2021-04-21,22.6,12.2,0.0,43
2021-04-22,16.7,10.5,2.9,66
2021-04-23,22.4,8.6,0.0,63
2021-04-24,21.4,10.9,0.0,59
2021-04-25,21.3,11.5,0.0,56
2021-04-26,21.5,11.5,0.1,42
2021-04-27,22.0,7.4,0.0,33
2021-04-28,23.1,9.4,0.0,20
2021-04-29,20.9,8.1,0.0,19
2021-04-30,13.8,8.5,0.6,42
2021-05-01,20.5,4.3,0.0,28
2021-05-02,20.8,5.7,0.0,27
2021-05-03,23.2,10.2,0.0,43
2021-05-04,23.0,11.5,0.0,22
2021-05-05,27.8,9.6,0.0,22
2021-05-06,29.0,13.8,0.0,22
2021-05-07,26.9,12.9,0.0,23
2021-05-08,26.1,16.2,0.0,18
2021-05-09,26.9,11.5,0.1,25
2021-05-10,25.3,12.1,0.0,34
2021-05-11,24.9,9.7,0.0,52
2021-05-12,27.0,12.1,0.0,48
2021-05-13,25.7,15.0,0.0,62
2021-05-14,26.4,15.5,0.2,70
2021-05-15,21.0,17.1,0.7,52
2021-05-16,25.7,15.7,0.7,32
2021-05-17,30.5,10.5,0.0,34
2021-05-18,32.1,14.8,0.0,32
2021-05-19,30.6,15.5,0.0,45
2021-05-20,27.1,18.8,0.0,57
2021-05-21,30.5,15.9,0.0,59
2021-05-22,32.6,18.0,9.9,61
2021-05-23,27.0,14.8,12.1,44
2021-05-24,22.9,12.1,0.0,30
2021-05-25,27.7,9.4,0.0,31
2021-05-26,28.1,13.7,0.0,39
2021-05-27,26.9,12.6,0.0,42
2021-05-28,29.1,17.6,0.0,31
2021-05-29,26.6,15.6,0.0,41
2021-05-30,27.1,14.5,0.2,47
2021-05-31,22.5,13.3,2.2,71
2021-06-01,27.7,12.8,0.0,60
2021-06-02,27.0,17.5,0.1,54
2021-06-03,28.8,16.8,0.0,22
2021-06-04,30.2,14.6,0.0,25
2021-06-05,33.3,15.4,0.0,27
2021-06-06,33.1,17.9,0.2,33
2021-06-07,28.7,19.8,0.1,51
2021-06-08,30.7,17.4,0.3,60
2021-06-09,25.5,19.5,16.1,84
2021-06-10,30.5,18.4,2.1,58
2021-06-11,34.6,17.3,0.0,53
2021-06-12,35.9,20.3,0.0,47
2021-06-13,34.0,22.7,4.6,65
2021-06-14,28.3,23.0,1.1,83
2021-06-15,31.4,22.2,0.1,62
2021-06-16,23.6,19.8,5.1,76
2021-06-17,32.6,19.6,0.0,49
2021-06-18,33.6,19.5,0.0,26
2021-06-19,36.6,18.9,0.0,21
2021-06-20,37.0,19.4,0.0,21
2021-06-21,35.7,21.1,0.0,31
2021-06-22,33.1,21.5,0.0,38
2021-06-23,28.9,21.2,0.8,53
2021-06-24,29.3,21.2,0.0,61
2021-06-25,30.4,21.1,4.0,73
2021-06-26,30.8,19.6,2.8,76
2021-06-27,32.2,21.1,0.0,67
2021-06-28,33.0,22.8,0.3,66
2021-06-29,28.6,21.3,6.4,75
2021-06-30,32.6,19.0,4.0,72
2021-07-01,32.1,19.1,14.9,78
2021-07-02,32.4,17.8,2.6,70
2021-07-03,26.7,19.9,41.8,80
2021-07-04,31.0,19.6,0.1,76
2021-07-05,30.8,22.1,9.6,77
2021-07-06,28.8,20.7,16.7,79
2021-07-07,31.3,21.3,0.0,80
2021-07-08,31.6,21.7,0.0,79
2021-07-09,31.6,21.4,0.0,76
2021-07-10,32.9,23.1,0.0,79
2021-07-11,32.7,23.8,2.6,83
2021-07-12,27.5,22.8,72.7,91
2021-07-13,30.0,23.0,2.6,89
2021-07-14,30.3,24.2,2.6,88
2021-07-15,31.5,24.2,0.2,81
2021-07-16,29.9,23.9,0.3,80
2021-07-17,28.5,23.6,12.6,85
2021-07-18,26.6,22.9,26.4,93
2021-07-19,29.4,22.6,24.1,88
2021-07-20,29.7,22.8,5.4,83
2021-07-21,27.0,22.1,10.6,89
2021-07-22,27.0,21.8,21.1,92
2021-07-23,30.5,21.1,0.0,82
2021-07-24,31.4,22.4,0.3,80
2021-07-25,31.7,24.7,0.5,78
2021-07-26,29.8,24.9,3.1,84
2021-07-27,26.8,23.3,14.1,91
2021-07-28,25.7,23.1,41.4,90
2021-07-29,24.8,21.8,21.7,89
2021-07-30,27.9,21.7,7.9,78
2021-07-31,31.6,20.7,0.0,82
2021-08-01,31.4,23.2,0.0,57
2021-08-02,30.2,22.2,0.0,62
2021-08-03,29.7,22.0,0.9,77
2021-08-04,30.8,23.1,8.9,79
2021-08-05,29.6,21.4,0.6,83
2021-08-06,30.3,20.6,0.0,80
2021-08-07,31.4,21.4,0.0,80
2021-08-08,30.9,21.9,0.0,79
2021-08-09,29.3,22.0,5.3,79
2021-08-10,31.0,20.9,0.0,76
2021-08-11,29.3,21.2,0.0,79
2021-08-12,27.7,22.4,5.5,85
2021-08-13,28.4,20.8,1.8,83
2021-08-14,26.6,20.8,4.4,85
2021-08-15,26.5,20.4,7.1,84
2021-08-16,27.6,20.5,5.0,86
2021-08-17,28.3,21.1,15.2,78
2021-08-18,28.0,18.7,0.4,79
2021-08-19,22.8,19.5,23.9,87
2021-08-20,27.1,18.1,0.0,83
2021-08-21,29.2,19.1,0.0,76
2021-08-22,30.1,21.7,0.4,81
2021-08-23,28.7,21.6,12.8,81
2021-08-24,26.2,18.9,12.7,76
2021-08-25,26.5,16.7,0.0,60
2021-08-26,27.8,17.0,0.0,64
2021-08-27,28.4,16.6,0.0,65
2021-08-28,25.5,16.9,0.0,70
2021-08-29,27.2,17.4,0.0,76
2021-08-30,27.2,17.9,0.0,80
2021-08-31,26.4,18.5,0.3,79
2021-09-01,27.9,16.4,0.0,75
2021-09-02,28.8,17.0,0.0,74
2021-09-03,29.9,19.2,0.0,78
2021-09-04,24.3,20.6,17.5,91
2021-09-05,24.4,19.8,1.0,87
2021-09-06,21.4,15.2,52.1,82
2021-09-07,26.2,13.5,0.0,79
2021-09-08,27.1,16.3,0.0,82
2021-09-09,25.8,18.2,0.3,86
2021-09-10,27.7,16.7,0.0,81
2021-09-11,29.1,19.5,0.0,82
2021-09-12,25.3,20.7,20.6,89
2021-09-13,27.3,19.5,1.7,82
2021-09-14,23.9,18.6,1.1,76
2021-09-15,23.8,17.2,0.0,78
2021-09-16,23.3,18.3,2.5,85
2021-09-17,24.9,15.9,0.0,75
2021-09-18,23.3,15.6,0.0,79
2021-09-19,19.0,15.6,16.7,92
2021-09-20,21.9,15.6,14.6,77
2021-09-21,25.7,12.2,0.0,67
2021-09-22,26.2,12.1,0.0,71
2021-09-23,26.1,15.1,0.1,77
2021-09-24,20.9,18.1,32.8,91
2021-09-25,23.7,17.5,5.1,83
2021-09-26,21.4,18.4,2.7,88
2021-09-27,25.5,16.2,0.2,82
2021-09-28,24.2,17.0,0.0,85
2021-09-29,24.6,16.5,0.0,73
2021-09-30,22.7,16.8,0.7,87
2021-10-01,20.9,13.9,0.0,61
2021-10-02,20.1,16.3,2.4,86
2021-10-03,22.5,17.9,13.0,84
2021-10-04,18.6,12.2,16.1,58
2021-10-05,15.0,11.9,11.3,77
2021-10-06,12.8,8.2,13.6,86
2021-10-07,17.6,6.1,0.0,80
2021-10-08,18.6,7.2,0.0,78
2021-10-09,15.0,13.5,4.0,88
2021-10-10,16.6,8.5,0.0,38
2021-10-11,17.2,5.5,0.0,53
2021-10-12,17.7,5.1,0.0,62
2021-10-13,18.0,9.5,0.0,66
2021-10-14,20.3,12.8,0.0,68
2021-10-15,18.6,10.1,0.0,43
2021-10-16,10.6,2.0,0.0,26
2021-10-17,12.6,0.1,0.0,49
2021-10-18,15.6,1.9,0.0,68
2021-10-19,11.2,2.6,0.0,45
2021-10-20,12.5,0.8,0.0,66
2021-10-21,17.4,1.5,0.0,49
2021-10-22,15.7,4.1,0.0,48
2021-10-23,15.4,3.0,0.0,64
2021-10-24,16.2,2.9,0.0,73
2021-10-25,16.7,4.9,0.0,80
2021-10-26,20.1,7.3,0.0,54
2021-10-27,18.1,5.5,0.0,48
2021-10-28,16.3,7.2,0.0,57
2021-10-29,17.1,5.9,0.5,78
2021-10-30,18.1,6.0,0.0,69
2021-10-31,15.8,7.9,0.7,48
2021-11-01,13.2,4.9,0.7,80
2021-11-02,12.4,3.6,0.4,88
2021-11-03,14.4,4.2,0.0,89
2021-11-04,15.1,5.2,0.0,90
2021-11-05,16.4,5.4,1.7,87
2021-11-06,13.8,-1.2,8.2,86
2021-11-07,0.9,-3.7,12.0,60
2021-11-08,4.9,-2.9,0.0,42
2021-11-09,9.5,-1.4,0.0,42
2021-11-10,13.0,2.9,0.0,43
2021-11-11,11.0,0.9,0.0,42
2021-11-12,13.2,-1.0,0.0,55
2021-11-13,13.7,-0.8,0.0,54
2021-11-14,13.0,0.3,0.0,50
2021-11-15,8.8,0.5,0.0,59
2021-11-16,10.8,-1.3,0.0,81
2021-11-17,11.0,-0.0,0.0,89
2021-11-18,9.6,0.8,0.0,78
2021-11-19,8.5,-0.4,0.1,46
2021-11-20,8.3,1.3,0.0,62
2021-11-21,7.2,-0.3,0.0,52
2021-11-22,2.7,-3.5,0.0,25
2021-11-23,5.9,-5.4,0.0,46
2021-11-24,8.2,-4.4,0.0,54
2021-11-25,9.8,-0.9,0.0,50
2021-11-26,9.6,-0.5,0.0,51
2021-11-27,5.8,-3.9,0.0,88
2021-11-28,9.4,-0.5,0.0,81
2021-11-29,5.9,-2.1,1.2,74
2021-11-30,5.1,-2.0,0.0,35
2021-12-01,6.8,-4.5,0.0,42
2021-12-02,11.1,-4.0,0.0,44
2021-12-03,11.0,-1.8,0.0,44
2021-12-04,9.8,-1.3,0.0,46
2021-12-05,8.4,-3.4,0.0,75
2021-12-06,10.4,0.6,0.0,38
2021-12-07,7.1,-3.6,0.0,59
2021-12-08,6.1,-3.4,0.4,74
2021-12-09,4.9,-2.2,3.0,92
2021-12-10,8.8,-2.2,0.0,70
2021-12-11,9.3,-2.7,0.0,52
2021-12-12,2.6,-4.8,0.0,33
2021-12-13,2.6,-6.7,0.0,52
2021-12-14,4.6,-6.5,0.0,62
2021-12-15,3.9,-4.1,0.0,51
2021-12-16,3.6,-4.6,0.0,36
2021-12-17,-1.0,-8.1,0.0,24
2021-12-18,4.7,-6.9,0.0,31
2021-12-19,5.8,-4.6,0.0,40
2021-12-20,9.8,-4.0,0.0,49
2021-12-21,5.8,-3.0,0.0,54
2021-12-22,4.0,-3.1,0.0,64
2021-12-23,-0.9,-4.1,0.1,66
2021-12-24,-2.5,-9.1,0.0,22
2021-12-25,-5.0,-11.2,0.0,17
2021-12-26,-1.5,-11.5,0.0,17
2021-12-27,3.5,-7.1,0.0,21
2021-12-28,3.3,-5.6,0.0,32
2021-12-29,4.5,-4.1,0.0,27
2021-12-30,4.7,-4.7,0.0,30
2021-12-31,2.2,-6.7,0.0,41
2022-01-01,6.4,-6.3,0.0,39
2022-01-02,0.9,-7.0,0.0,33
2022-01-03,4.5,-6.6,0.0,34
2022-01-04,1.9,-6.6,0.0,43
2022-01-05,2.3,-5.9,0.0,75
2022-01-06,3.5,-6.6,0.0,55
2022-01-07,4.1,-5.8,0.0,72
2022-01-08,7.6,-6.5,0.0,47
2022-01-09,0.8,-5.1,0.0,77
2022-01-10,1.6,-6.0,0.0,40
2022-01-11,-0.8,-8.1,0.0,28
2022-01-12,2.2,-7.3,0.0,30
2022-01-13,2.4,-6.2,0.0,29
2022-01-14,1.4,-7.3,0.0,56
2022-01-15,2.5,-6.1,0.0,41
2022-01-16,-0.9,-7.6,0.0,30
2022-01-17,3.4,-6.6,0.0,32
2022-01-18,2.7,-7.2,0.0,50
2022-01-19,-0.4,-5.6,0.0,49
2022-01-20,-1.8,-5.6,0.2,56
2022-01-21,-0.9,-6.3,0.2,63
2022-01-22,-0.4,-5.3,1.6,73
2022-01-23,0.7,-5.0,0.0,71
2022-01-24,1.8,-5.1,0.0,79
2022-01-25,5.2,-5.4,0.0,55
2022-01-26,1.3,-4.6,0.0,32
2022-01-27,1.9,-6.2,0.0,32
2022-01-28,1.7,-7.2,0.0,32
2022-01-29,2.9,-6.8,0.0,33
2022-01-30,4.5,-7.4,0.9,53
2022-01-31,1.0,-6.1,0.0,25
2022-02-01,0.5,-7.5,0.0,29
2022-02-02,2.5,-8.4,0.0,28
2022-02-03,2.8,-6.1,0.0,27
2022-02-04,0.6,-7.5,0.0,26
2022-02-05,4.8,-7.3,0.0,26
2022-02-06,6.1,-5.1,0.0,30
2022-02-07,3.8,-4.8,0.0,29
2022-02-08,6.7,-5.1,0.0,29
2022-02-09,6.8,-5.5,0.0,41
2022-02-10,8.4,-5.5,0.0,45
2022-02-11,7.2,-3.3,0.0,43
2022-02-12,1.0,-4.5,0.0,59
2022-02-13,-3.7,-5.7,3.1,66
2022-02-14,-0.9,-8.7,0.0,32
2022-02-15,-2.9,-11.7,0.0,28
2022-02-16,-2.0,-11.8,0.0,29
2022-02-17,-0.6,-9.9,0.0,31
2022-02-18,4.6,-6.1,0.0,34
2022-02-19,0.8,-7.9,0.0,23
2022-02-20,5.2,-8.1,0.0,24
2022-02-21,4.2,-7.5,0.0,26
2022-02-22,3.9,-7.3,0.0,28
2022-02-23,5.5,-7.1,0.0,30
2022-02-24,8.9,-5.6,0.0,39
2022-02-25,11.5,-3.9,0.0,53
2022-02-26,10.8,-1.2,0.0,29
2022-02-27,13.7,-2.9,0.0,38
2022-02-28,12.1,-0.8,0.0,50
2022-03-01,10.5,-2.3,0.0,30
2022-03-02,15.6,-3.9,0.0,33
2022-03-03,10.6,-2.7,0.0,39
2022-03-04,9.9,-3.3,0.0,41
2022-03-05,9.8,-3.8,0.0,17
2022-03-06,11.5,-5.3,0.0,32
2022-03-07,15.6,-2.8,0.0,35
2022-03-08,15.5,-1.9,0.0,41
2022-03-09,17.5,1.1,0.0,56
2022-03-10,20.0,2.5,0.0,68
2022-03-11,14.0,4.5,0.0,54
2022-03-12,14.5,4.6,2.1,51
2022-03-13,12.7,2.9,0.5,73
2022-03-14,18.5,1.6,1.1,57
2022-03-15,17.8,1.7,0.0,56
2022-03-16,14.1,4.9,0.0,50
2022-03-17,4.3,-1.1,1.1,44
2022-03-18,3.2,-3.5,2.6,73
2022-03-19,7.1,-2.7,0.0,48
2022-03-20,11.1,-1.9,0.0,50
2022-03-21,13.1,0.6,0.0,30
2022-03-22,10.3,-2.4,0.2,45
2022-03-23,10.3,-3.1,2.1,78
2022-03-24,13.3,0.2,0.3,83
2022-03-25,16.4,4.1,0.0,51
2022-03-26,20.3,-0.4,0.0,27
2022-03-27,15.1,-0.2,0.0,22
2022-03-28,17.2,3.1,0.0,31
2022-03-29,13.0,7.1,2.5,70
2022-03-30,10.7,3.2,2.6,69
2022-03-31,13.8,-0.1,0.0,45
2022-04-01,14.9,-0.6,0.2,36
2022-04-02,18.2,2.8,0.0,35
2022-04-03,21.3,2.1,0.0,28
2022-04-04,22.3,4.7,0.0,45
2022-04-05,24.4,8.3,0.0,40
2022-04-06,14.4,5.3,0.1,35
2022-04-07,24.4,1.1,0.0,32
2022-04-08,25.3,5.8,0.0,50
2022-04-09,26.5,11.4,0.0,54
2022-04-10,27.7,9.9,0.0,63
2022-04-11,27.2,13.5,0.5,40
2022-04-12,20.4,12.3,0.0,24
2022-04-13,19.3,8.0,0.0,34
2022-04-14,20.0,5.6,0.0,28
2022-04-15,20.6,6.8,0.0,19
2022-04-16,24.5,4.5,0.0,17
2022-04-17,20.0,7.3,0.0,31
2022-04-18,23.1,10.8,0.0,34
2022-04-19,27.4,8.2,0.0,34
2022-04-20,29.1,10.9,0.0,33
2022-04-21,28.5,14.7,0.0,32
2022-04-22,22.5,10.8,0.0,27
2022-04-23,28.7,10.9,0.0,36
2022-04-24,27.9,14.0,0.0,51
2022-04-25,28.9,13.6,0.1,65
2022-04-26,22.5,14.5,0.0,20
2022-04-27,14.7,9.5,1.3,38
2022-04-28,16.2,8.1,6.4,68
2022-04-29,20.3,5.4,0.0,66
2022-04-30,22.6,10.8,0.0,16
2022-05-01,25.5,8.2,0.0,28
2022-05-02,26.5,10.1,0.0,40
2022-05-03,32.8,10.9,0.0,36
2022-05-04,34.0,14.8,0.0,30
2022-05-05,30.2,18.0,0.0,41
2022-05-06,21.5,9.7,10.0,54
2022-05-07,18.7,8.3,1.3,50
2022-05-08,15.3,9.0,3.3,71
2022-05-09,19.7,7.3,0.0,64
2022-05-10,19.6,7.2,2.7,72
2022-05-11,22.4,8.7,0.0,59
2022-05-12,20.1,12.4,1.1,55
2022-05-13,23.7,9.2,0.0,29
2022-05-14,24.0,8.1,0.0,34
2022-05-15,26.3,8.4,0.0,35
2022-05-16,29.3,9.8,0.0,27
2022-05-17,29.9,12.0,0.0,35
2022-05-18,30.0,16.1,0.0,30
2022-05-19,30.6,15.4,0.0,46
2022-05-20,31.3,16.6,0.0,43
2022-05-21,34.3,17.3,0.0,45
2022-05-22,34.0,17.9,0.2,43
2022-05-23,32.4,18.5,0.0,46
2022-05-24,32.5,18.3,0.0,47
2022-05-25,29.8,18.2,0.0,24
2022-05-26,32.7,14.1,0.0,24
2022-05-27,34.6,15.7,0.0,22
2022-05-28,35.9,19.8,0.0,29
2022-05-29,28.2,21.3,0.3,36
2022-05-30,30.7,14.8,0.0,19
2022-05-31,31.1,14.8,0.0,37
2022-06-01,33.6,15.6,0.0,42
2022-06-02,35.6,18.0,0.0,31
2022-06-03,36.4,19.4,0.6,43
2022-06-04,32.2,22.2,6.7,64
2022-06-05,34.1,18.3,0.1,29
2022-06-06,28.1,20.0,0.0,34
2022-06-07,26.7,15.5,0.9,45
2022-06-08,25.8,17.0,0.0,55
2022-06-09,28.0,14.9,0.0,59
2022-06-10,29.4,17.8,0.2,65
2022-06-11,23.5,18.8,30.3,85
2022-06-12,27.5,18.5,4.4,79
2022-06-13,24.5,17.6,0.9,81
2022-06-14,25.2,16.4,0.2,78
2022-06-15,27.6,17.0,0.0,72
2022-06-16,28.8,18.0,0.3,71
2022-06-17,32.4,19.5,0.0,68
2022-06-18,32.5,20.8,0.0,67
2022-06-19,34.2,20.9,0.0,65
2022-06-20,36.7,21.4,0.0,62
2022-06-21,35.1,24.2,0.0,60
2022-06-22,27.3,22.6,20.2,83
2022-06-23,36.1,22.1,0.0,58
2022-06-24,37.5,22.3,0.0,35
2022-06-25,41.1,21.0,0.0,42
2022-06-26,33.4,23.7,21.2,64
2022-06-27,26.9,22.0,45.7,84
2022-06-28,27.0,21.3,43.0,81
2022-06-29,28.3,20.8,20.4,80
2022-06-30,28.8,20.6,5.7,82
2022-07-01,28.5,21.1,3.4,82
2022-07-02,30.8,21.2,1.4,80
2022-07-03,26.9,22.2,41.7,91
2022-07-04,30.2,21.3,11.9,84
2022-07-05,30.4,23.0,18.7,89
2022-07-06,28.4,22.4,7.2,85
2022-07-07,33.9,19.2,0.0,72
2022-07-08,32.6,23.7,0.0,72
2022-07-09,33.9,23.5,0.0,55
2022-07-10,28.3,20.5,19.0,72
2022-07-11,27.9,19.8,0.5,79
2022-07-12,27.8,22.4,6.7,84
2022-07-13,32.5,20.4,0.0,76
2022-07-14,33.6,23.1,0.0,58
2022-07-15,35.4,21.8,0.0,57
2022-07-16,33.6,23.0,0.0,65
2022-07-17,36.3,22.5,0.0,63
2022-07-18,35.0,23.5,0.0,49
2022-07-19,32.6,21.7,0.0,61
2022-07-20,32.3,22.4,0.0,64
2022-07-21,32.6,21.4,0.0,65
2022-07-22,32.2,22.9,5.0,70
2022-07-23,33.1,21.8,3.7,60
2022-07-24,34.9,22.6,0.0,62
2022-07-25,32.7,24.8,0.0,62
2022-07-26,34.6,23.9,0.5,61
2022-07-27,26.9,22.4,30.2,89
2022-07-28,26.7,21.8,15.1,84
2022-07-29,31.5,20.4,0.0,76
2022-07-30,31.2,21.0,0.6,78
2022-07-31,32.1,23.0,0.2,79
2022-08-01,33.6,23.0,0.0,80
2022-08-02,33.1,24.8,0.3,78
2022-08-03,34.8,26.0,0.0,74
2022-08-04,34.8,26.7,0.1,78
2022-08-05,36.5,25.9,0.0,75
2022-08-06,32.9,26.1,27.0,84
2022-08-07,32.3,24.5,22.3,86
2022-08-08,27.9,23.0,0.6,66
2022-08-09,24.5,18.4,17.9,81
2022-08-10,28.6,16.4,0.0,82
2022-08-11,30.1,18.3,0.0,83
2022-08-12,31.0,22.0,0.2,80
2022-08-13,31.6,24.2,0.1,77
2022-08-14,28.0,23.7,12.2,88
2022-08-15,33.6,23.0,0.0,65
2022-08-16,29.3,19.7,0.0,63
2022-08-17,29.7,21.1,0.2,80
2022-08-18,26.1,22.8,24.4,92
2022-08-19,31.3,22.3,0.0,72
2022-08-20,29.0,20.0,4.4,73
2022-08-21,30.5,22.8,9.9,76
2022-08-22,31.0,20.9,35.4,64
2022-08-23,26.4,17.9,0.4,51
2022-08-24,26.7,17.7,0.0,67
2022-08-25,30.0,17.1,0.0,60
2022-08-26,26.2,15.8,0.0,48
2022-08-27,25.4,13.6,0.0,44
2022-08-28,21.8,15.1,0.4,69
2022-08-29,24.0,14.7,0.0,80
2022-08-30,26.6,15.2,0.0,81
2022-08-31,29.8,15.7,0.0,61
2022-09-01,26.5,17.3,0.0,55
2022-09-02,27.0,14.3,0.0,73
2022-09-03,26.6,16.8,1.0,79
2022-09-04,27.6,18.4,0.0,78
2022-09-05,26.9,18.1,0.0,45
2022-09-06,28.1,15.1,0.0,43
2022-09-07,30.0,14.0,0.0,50
2022-09-08,31.3,15.9,0.0,61
2022-09-09,30.4,17.9,0.0,71
2022-09-10,30.5,18.7,0.0,69
2022-09-11,28.3,18.6,0.0,75
2022-09-12,30.2,17.7,0.0,74
2022-09-13,30.3,18.5,0.0,72
2022-09-14,29.8,18.9,0.0,66
2022-09-15,28.6,17.8,0.0,74
2022-09-16,29.6,17.4,0.0,71
2022-09-17,30.6,18.8,0.0,71
2022-09-18,28.3,19.0,0.0,38
2022-09-19,24.4,15.4,0.0,33
2022-09-20,24.0,14.0,0.0,30
2022-09-21,26.1,10.5,0.0,51
2022-09-22,25.5,13.0,0.0,41
2022-09-23,24.5,12.4,0.0,26
2022-09-24,25.7,9.9,0.0,42
2022-09-25,25.5,11.0,0.0,59
2022-09-26,27.6,13.4,0.0,63
2022-09-27,28.1,13.6,0.0,65
2022-09-28,27.9,14.0,0.0,66
2022-09-29,28.7,14.8,0.0,69
2022-09-30,29.4,16.4,0.0,68
2022-10-01,25.0,17.7,0.2,77
2022-10-02,22.0,18.8,0.9,84
2022-10-03,19.0,10.3,8.3,73
2022-10-04,15.0,7.5,0.0,30
2022-10-05,14.4,3.9,0.0,49
2022-10-06,16.3,5.4,0.0,58
2022-10-07,18.8,5.2,0.0,73
2022-10-08,16.1,9.5,0.0,77
2022-10-09,14.7,8.9,0.0,30
2022-10-10,17.4,6.0,0.0,34
2022-10-11,18.0,3.8,0.0,54
2022-10-12,18.1,4.3,0.0,64
2022-10-13,19.1,8.1,0.0,67
2022-10-14,21.5,10.6,0.0,66
2022-10-15,23.2,9.5,0.0,70
2022-10-16,17.8,9.1,0.0,24
2022-10-17,16.0,3.8,0.0,27
2022-10-18,17.0,2.0,0.0,38
2022-10-19,19.0,3.0,0.0,56
2022-10-20,17.2,6.4,0.0,61
2022-10-21,21.0,7.0,0.0,64
2022-10-22,20.1,8.8,0.0,42
2022-10-23,20.0,5.4,0.0,40
2022-10-24,18.1,4.5,0.0,59
2022-10-25,19.1,6.1,0.0,74
2022-10-26,18.7,8.4,0.0,63
2022-10-27,11.3,9.4,0.0,39
2022-10-28,13.3,9.2,0.0,60
2022-10-29,14.0,9.3,0.0,73
2022-10-30,15.7,8.7,2.6,82
2022-10-31,15.9,7.0,0.0,38
2022-11-01,14.0,2.0,0.0,42
2022-11-02,14.1,4.5,0.0,64
2022-11-03,11.5,3.2,0.0,48
2022-11-04,12.0,1.6,0.0,39
2022-11-05,13.7,-0.4,0.0,49
2022-11-06,11.5,3.1,0.1,73
2022-11-07,15.0,4.3,0.0,43
2022-11-08,14.9,0.5,0.0,56
2022-11-09,12.3,2.3,0.9,75
2022-11-10,16.7,5.1,0.3,76
2022-11-11,12.6,10.4,14.7,96
2022-11-12,12.7,4.1,5.8,50
2022-11-13,7.4,0.5,0.0,47
2022-11-14,10.7,-0.9,0.0,73
2022-11-15,15.1,-1.0,0.0,63
2022-11-16,11.5,0.8,0.0,63
2022-11-17,13.4,0.4,0.0,75
2022-11-18,10.8,3.2,0.1,74
2022-11-19,13.5,4.8,0.0,84
2022-11-20,8.2,3.6,0.5,83
2022-11-21,10.2,3.1,0.0,63
2022-11-22,10.6,-0.1,0.0,80
2022-11-23,10.5,0.3,0.0,87
2022-11-24,8.0,1.6,0.0,97
2022-11-25,12.2,2.0,0.7,53
2022-11-26,2.9,-4.5,0.0,32
2022-11-27,5.9,-2.9,2.1,48
2022-11-28,11.8,-1.9,0.0,44
2022-11-29,-3.5,-9.2,0.0,17
2022-11-30,-1.5,-9.3,0.0,15
2022-12-01,-1.3,-8.1,0.0,17
2022-12-02,-2.4,-9.2,0.0,39
2022-12-03,1.6,-7.8,0.0,21
2022-12-04,0.2,-7.8,0.0,26
2022-12-05,3.3,-7.2,0.0,26
2022-12-06,3.8,-8.3,0.0,28
2022-12-07,5.2,-4.0,0.0,27
2022-12-08,6.3,-3.9,0.0,41
2022-12-09,5.5,-3.5,0.0,43
2022-12-10,2.9,-3.4,0.0,33
2022-12-11,2.1,-5.4,0.0,33
2022-12-12,3.9,-5.0,0.0,38
2022-12-13,-2.0,-6.3,0.0,19
2022-12-14,-1.5,-8.7,0.0,21
2022-12-15,-2.3,-8.6,0.0,22
2022-12-16,-2.4,-10.7,0.0,19
2022-12-17,-3.2,-12.7,0.0,18
2022-12-18,-1.4,-9.0,0.0,26
2022-12-19,0.8,-8.9,0.0,36
2022-12-20,1.8,-7.8,0.0,40
2022-12-21,-0.8,-7.6,0.0,33
2022-12-22,-1.9,-7.7,0.0,23
2022-12-23,1.0,-9.9,0.0,19
2022-12-24,1.0,-7.1,0.0,20
2022-12-25,0.1,-7.0,0.0,21
2022-12-26,1.5,-6.7,0.0,27
2022-12-27,0.1,-6.5,0.0,25
2022-12-28,0.5,-7.5,0.0,29
2022-12-29,2.5,-6.2,0.0,27
2022-12-30,1.8,-9.3,0.0,31
2022-12-31,5.8,-8.1,0.0,30
2023-01-01,3.3,-5.9,0.0,35
2023-01-02,2.5,-6.1,0.0,37
2023-01-03,1.2,-8.5,0.0,33
2023-01-04,3.2,-8.1,0.0,43
2023-01-05,3.3,-7.9,0.0,52
2023-01-06,8.0,-7.5,0.0,43
2023-01-07,5.2,-4.7,0.0,30
2023-01-08,10.4,-4.4,0.0,36
2023-01-09,5.8,-3.6,0.0,42
2023-01-10,4.8,-4.9,0.0,53
2023-01-11,4.1,-5.7,0.0,57
2023-01-12,2.3,-2.0,2.9,71
2023-01-13,6.6,-2.2,0.0,64
2023-01-14,-2.0,-7.9,0.0,23
2023-01-15,-0.7,-10.5,0.0,22
2023-01-16,-0.6,-10.8,0.0,26
2023-01-17,2.6,-6.9,0.0,28
2023-01-18,2.7,-7.6,0.0,39
2023-01-19,4.0,-6.7,0.0,28
2023-01-20,-2.2,-9.1,0.0,19
2023-01-21,0.5,-10.2,0.0,29
2023-01-22,3.2,-7.9,0.0,34
2023-01-23,-3.5,-14.3,0.8,31
2023-01-24,-5.4,-14.9,0.0,13
2023-01-25,-4.8,-13.0,0.0,18
2023-01-26,0.9,-12.0,0.0,24
2023-01-27,1.1,-8.0,0.0,21
2023-01-28,5.3,-6.0,0.0,20
2023-01-29,8.2,-5.5,0.0,27
2023-01-30,5.7,-5.6,0.0,41
2023-01-31,11.7,-4.3,0.0,27
2023-02-01,2.6,-5.2,0.0,24
2023-02-02,1.2,-5.6,0.0,24
2023-02-03,4.6,-6.5,0.0,28
2023-02-04,7.1,-5.2,0.0,29
2023-02-05,5.8,-5.5,0.0,49
2023-02-06,6.6,-3.8,0.0,51
2023-02-07,4.7,-6.3,0.0,56
2023-02-08,5.7,-4.0,0.0,43
2023-02-09,0.8,-2.8,1.3,69
2023-02-10,4.7,-5.2,0.0,79
2023-02-11,6.3,-0.8,0.0,82
2023-02-12,2.2,-0.9,3.4,91
2023-02-13,6.2,-4.6,0.0,38
2023-02-14,4.1,-3.6,0.0,38
2023-02-15,3.7,-5.7,0.0,61
2023-02-16,6.5,-6.1,0.0,63
2023-02-17,6.0,-3.8,0.1,76
2023-02-18,3.5,-2.5,1.1,76
2023-02-19,10.9,-5.1,0.0,34
2023-02-20,5.6,-4.4,0.0,34
2023-02-21,4.8,-6.1,0.0,39
2023-02-22,8.4,-5.1,0.0,57
2023-02-23,10.3,-2.5,0.0,66
2023-02-24,5.9,-1.4,0.0,37
2023-02-25,8.3,-5.8,0.0,30
2023-02-26,10.8,-4.7,0.0,55
2023-02-27,11.3,-2.9,0.0,72
2023-02-28,13.3,0.2,0.0,47
2023-03-01,9.2,-2.5,0.0,29
2023-03-02,13.7,-3.3,0.0,35
2023-03-03,17.7,-2.0,0.0,40
2023-03-04,16.0,-1.3,0.0,53
2023-03-05,15.7,-1.0,0.0,69
2023-03-06,19.9,0.5,0.0,55
2023-03-07,20.2,1.7,0.0,56
2023-03-08,18.8,5.2,0.0,36
2023-03-09,22.2,1.1,0.0,48
2023-03-10,25.7,4.2,0.0,39
2023-03-11,13.9,5.5,0.9,33
2023-03-12,12.0,-1.8,0.0,16
2023-03-13,12.5,-2.2,0.0,38
2023-03-14,20.0,2.5,0.0,30
2023-03-15,10.5,-2.1,0.0,13
2023-03-16,11.0,-3.2,0.0,22
2023-03-17,10.9,-2.3,0.3,49
2023-03-18,15.8,-1.4,0.0,31
2023-03-19,16.3,-0.1,0.0,48
2023-03-20,16.2,2.7,0.0,73
2023-03-21,20.1,4.2,1.2,72
2023-03-22,15.9,7.4,0.0,29
2023-03-23,13.4,3.5,0.0,13
2023-03-24,12.4,0.2,0.0,15
2023-03-25,13.4,2.7,0.0,35
2023-03-26,14.8,-1.1,0.0,30
2023-03-27,19.6,2.2,0.0,26
2023-03-28,20.5,2.1,0.0,38
2023-03-29,25.2,6.7,0.0,43
2023-03-30,24.7,7.3,0.0,40
2023-03-31,23.5,7.3,0.0,38
2023-04-01,23.0,8.9,0.0,46
2023-04-02,18.9,11.8,0.0,47
2023-04-03,18.3,11.0,0.0,34
2023-04-04,13.8,7.2,12.3,64
2023-04-05,15.6,7.0,0.7,63
2023-04-06,17.9,7.6,0.1,39
2023-04-07,15.5,2.1,0.0,22
2023-04-08,21.4,1.3,0.0,27
2023-04-09,23.5,5.5,0.0,45
2023-04-10,27.6,7.1,0.0,42
2023-04-11,17.2,9.5,0.0,11
2023-04-12,22.7,4.2,0.0,27
2023-04-13,25.8,7.9,0.0,50
2023-04-14,21.6,11.3,0.0,26
2023-04-15,20.3,5.9,0.0,16
2023-04-16,21.3,6.2,0.0,21
2023-04-17,22.6,8.8,1.9,42
2023-04-18,27.3,8.6,0.0,39
2023-04-19,27.6,8.8,0.0,51
2023-04-20,20.2,14.5,0.1,19
2023-04-21,14.7,7.3,0.9,46
2023-04-22,15.0,5.9,0.3,68
2023-04-23,16.2,6.1,0.0,55
2023-04-24,18.0,6.0,0.0,49
2023-04-25,20.2,7.6,0.5,42
2023-04-26,19.9,4.3,0.3,23
2023-04-27,22.1,9.1,3.3,65
2023-04-28,23.2,10.8,9.2,65
2023-04-29,24.7,8.1,0.0,25
2023-04-30,23.3,7.6,0.0,34
2023-05-01,26.9,9.8,0.0,48
2023-05-02,28.8,12.7,0.8,49
2023-05-03,29.0,13.7,0.0,50
2023-05-04,19.5,15.7,5.6,82
2023-05-05,20.2,15.9,1.4,57
2023-05-06,24.2,12.8,0.0,32
2023-05-07,25.5,12.4,0.0,25
2023-05-08,27.9,11.0,0.0,30
2023-05-09,27.4,13.5,0.0,35
2023-05-10,29.0,14.4,0.0,32
2023-05-11,27.9,14.7,0.0,38
2023-05-12,27.2,12.9,1.3,52
2023-05-13,28.8,15.0,0.0,35
2023-05-14,30.2,15.4,0.0,45
2023-05-15,34.8,15.6,0.0,50
2023-05-16,34.5,19.4,0.0,52
2023-05-17,27.0,18.2,0.0,62
2023-05-18,27.3,13.7,0.4,50
2023-05-19,25.0,13.7,11.3,78
2023-05-20,23.8,15.7,0.0,21
2023-05-21,25.7,16.2,0.0,27
2023-05-22,28.3,16.4,0.0,30
2023-05-23,30.1,13.3,0.0,32
2023-05-24,29.1,17.8,0.0,38
2023-05-25,27.2,18.0,0.2,52
2023-05-26,29.8,15.1,0.0,65
2023-05-27,21.6,17.5,10.1,83
2023-05-28,28.3,16.0,0.0,68
2023-05-29,31.5,18.4,0.0,58
2023-05-30,25.1,19.2,0.8,63
2023-05-31,25.0,14.8,0.0,64
2023-06-01,32.6,14.5,0.0,49
2023-06-02,31.0,19.1,0.0,30
2023-06-03,32.0,17.1,0.0,35
2023-06-04,33.8,19.4,0.0,30
2023-06-05,36.2,18.8,0.0,30
2023-06-06,36.1,21.2,0.0,20
2023-06-07,38.0,21.8,0.0,23
2023-06-08,34.8,20.2,0.0,13
2023-06-09,33.0,19.4,0.0,17
2023-06-10,30.0,18.6,0.0,27
2023-06-11,30.1,18.4,0.2,38
2023-06-12,31.5,17.7,0.0,44
2023-06-13,33.0,19.7,0.0,38
2023-06-14,36.0,18.8,0.0,40
2023-06-15,38.1,21.2,0.0,42
2023-06-16,39.3,23.0,0.0,38
2023-06-17,38.1,25.4,0.0,36
2023-06-18,35.4,21.8,0.0,49
2023-06-19,27.5,20.8,4.9,70
2023-06-20,34.4,18.7,0.1,59
2023-06-21,39.1,20.0,0.0,28
2023-06-22,40.6,22.0,0.0,26
2023-06-23,40.6,25.3,0.0,27
2023-06-24,40.4,25.9,0.0,25
2023-06-25,35.9,24.8,0.0,44
2023-06-26,34.7,22.8,4.4,66
2023-06-27,38.1,22.5,0.0,48
2023-06-28,30.4,24.0,1.6,56
2023-06-29,36.9,19.9,0.0,49
2023-06-30,39.9,23.0,0.0,40
2023-07-01,41.1,24.7,0.0,35
2023-07-02,39.2,24.6,0.0,37
2023-07-03,35.4,25.1,2.3,59
2023-07-04,30.8,22.7,19.4,70
2023-07-05,39.9,19.7,0.0,40
2023-07-06,41.5,22.4,0.0,29
2023-07-07,38.0,24.0,0.0,40
2023-07-08,37.2,23.3,0.0,32
2023-07-09,37.6,24.6,0.0,32
2023-07-10,40.2,25.6,0.3,40
2023-07-11,36.4,25.0,10.3,62
2023-07-12,24.8,23.7,27.9,89
2023-07-13,26.6,23.2,5.4,88
2023-07-14,34.2,21.4,0.0,64
2023-07-15,31.9,25.0,0.0,44
2023-07-16,34.4,21.2,0.0,46
2023-07-17,34.9,22.0,0.0,55
2023-07-18,35.8,23.3,0.0,53
2023-07-19,37.0,23.6,0.0,47
2023-07-20,35.7,23.9,0.4,55
2023-07-21,27.6,22.0,59.9,89
2023-07-22,26.1,21.5,14.6,84
2023-07-23,31.8,21.0,0.0,75
2023-07-24,33.5,22.5,0.0,76
2023-07-25,32.0,23.5,0.0,76
2023-07-26,32.8,24.2,1.6,80
2023-07-27,32.8,23.8,10.0,81
2023-07-28,28.4,23.1,4.5,83
2023-07-29,29.0,23.3,26.2,91
2023-07-30,25.8,22.8,55.8,93
2023-07-31,28.5,23.6,76.6,93
2023-08-01,29.6,24.1,43.2,92
2023-08-02,32.0,24.8,0.1,84
2023-08-03,33.1,26.5,0.0,82
2023-08-04,31.5,26.7,14.5,89
2023-08-05,33.1,24.1,3.2,81
2023-08-06,29.0,23.6,0.7,75
2023-08-07,28.7,23.2,0.2,76
2023-08-08,31.0,23.1,0.0,82
2023-08-09,32.0,24.0,0.6,81
2023-08-10,31.3,23.7,1.8,81
2023-08-11,29.2,23.3,13.3,85
2023-08-12,30.7,23.9,5.0,83
2023-08-13,32.3,22.4,0.0,76
2023-08-14,32.8,22.5,0.0,76
2023-08-15,32.3,23.4,0.0,76
2023-08-16,34.0,24.5,4.2,79
2023-08-17,31.5,24.0,0.1,81
2023-08-18,35.6,24.6,0.0,60
2023-08-19,33.5,21.4,0.0,71
2023-08-20,30.5,23.0,17.0,84
2023-08-21,29.5,22.0,15.6,83
2023-08-22,30.0,18.9,0.0,59
2023-08-23,29.5,19.1,3.5,70
2023-08-24,23.7,18.3,5.1,84
2023-08-25,26.7,17.2,0.0,84
2023-08-26,26.8,19.6,0.0,75
2023-08-27,25.1,20.4,3.3,80
2023-08-28,28.4,18.3,0.2,64
2023-08-29,28.0,17.8,0.0,63
2023-08-30,29.5,17.0,0.0,70
2023-08-31,26.8,19.6,1.3,78
2023-09-01,29.3,17.5,0.0,76
2023-09-02,28.3,19.3,3.0,81
2023-09-03,28.7,19.2,0.0,82
2023-09-04,30.7,20.5,0.0,83
2023-09-05,30.3,21.8,1.1,82
2023-09-06,31.0,21.3,0.0,80
2023-09-07,31.1,21.5,0.0,76
2023-09-08,28.1,22.4,2.4,86
2023-09-09,22.9,20.4,64.5,93
2023-09-10,25.5,19.6,0.0,85
2023-09-11,28.4,18.6,0.0,83
2023-09-12,25.7,17.7,0.0,63
2023-09-13,26.2,15.6,0.0,69
2023-09-14,27.7,15.8,0.0,71
2023-09-15,27.8,14.9,0.0,74
2023-09-16,28.4,16.9,0.0,76
2023-09-17,28.0,18.3,3.3,78
2023-09-18,27.9,17.7,0.0,82
2023-09-19,24.6,16.1,0.0,58
2023-09-20,25.6,13.5,0.0,65
2023-09-21,25.6,13.5,0.0,72
2023-09-22,26.4,15.4,0.0,64
2023-09-23,24.6,15.7,0.0,59
2023-09-24,19.3,13.9,0.5,76
2023-09-25,22.2,13.2,0.0,83
2023-09-26,24.4,14.8,0.0,87
2023-09-27,26.6,13.9,0.0,68
2023-09-28,23.8,11.7,0.0,52
2023-09-29,26.0,12.7,0.0,52
2023-09-30,23.8,12.8,0.0,46
2023-10-01,23.6,9.6,0.0,55
2023-10-02,22.5,10.0,0.0,66
2023-10-03,24.4,11.0,0.0,70
2023-10-04,23.7,13.1,0.0,43
2023-10-05,20.1,7.8,0.0,47
2023-10-06,21.9,9.6,0.0,59
2023-10-07,21.5,9.0,0.0,70
2023-10-08,22.8,12.2,2.8,65
2023-10-09,22.8,10.6,0.0,54
2023-10-10,21.5,9.8,0.0,63
2023-10-11,22.2,9.3,0.0,71
2023-10-12,20.3,11.3,2.7,79
2023-10-13,21.8,11.3,0.0,71
2023-10-14,21.6,8.7,0.0,50
2023-10-15,21.6,9.0,0.0,51
2023-10-16,19.1,7.9,0.0,52
2023-10-17,20.8,7.6,1.1,73
2023-10-18,21.5,12.4,4.1,54
2023-10-19,18.5,9.6,0.0,34
2023-10-20,17.3,5.5,0.0,38
2023-10-21,19.5,6.1,0.0,48
2023-10-22,20.5,5.9,0.0,62
2023-10-23,19.3,6.6,0.0,74
2023-10-24,21.7,8.1,0.0,72
2023-10-25,23.9,8.4,0.0,61
2023-10-26,19.4,8.3,0.0,43
2023-10-27,20.0,5.7,0.0,67
2023-10-28,20.2,8.0,0.0,73
2023-10-29,20.4,9.1,0.0,85
2023-10-30,21.4,9.9,0.0,75
2023-10-31,20.4,13.1,0.0,79
2023-11-01,21.8,10.7,0.0,86
2023-11-02,20.1,12.4,0.0,69
2023-11-03,16.0,8.4,0.0,51
2023-11-04,15.5,8.2,0.0,75
2023-11-05,11.3,7.3,7.2,78
2023-11-06,8.3,2.0,0.0,30
2023-11-07,9.8,0.9,0.0,52
2023-11-08,12.4,1.3,0.0,60
2023-11-09,6.6,-0.7,0.0,26
2023-11-10,3.8,-3.5,0.0,31
2023-11-11,5.7,-3.6,0.0,39
2023-11-12,6.1,-3.7,0.0,32
2023-11-13,6.0,-4.1,0.0,50
2023-11-14,9.4,-4.0,0.0,59
2023-11-15,7.7,-2.9,0.0,68
2023-11-16,10.0,1.4,0.0,35
2023-11-17,8.1,-1.6,0.0,27
2023-11-18,8.1,-3.9,0.0,52
2023-11-19,14.8,-0.3,0.0,45
2023-11-20,11.8,-1.5,0.0,68
2023-11-21,12.3,0.3,0.0,76
2023-11-22,14.9,1.4,0.0,52
2023-11-23,6.5,-5.2,0.0,24
2023-11-24,-1.0,-7.2,0.0,25
2023-11-25,0.9,-6.7,0.0,41
2023-11-26,1.9,-6.7,0.0,44
2023-11-27,9.3,-5.9,0.0,42
2023-11-28,2.0,-5.8,0.0,35
2023-11-29,0.8,-5.7,0.0,26
2023-11-30,2.5,-5.5,0.0,28
2023-12-01,2.1,-6.4,0.0,34
2023-12-02,7.6,-4.8,0.0,35
2023-12-03,5.7,-5.0,0.0,47
2023-12-04,7.1,-4.3,0.0,47
2023-12-05,8.3,-3.9,0.0,54
2023-12-06,8.8,-1.1,0.0,32
2023-12-07,7.4,-4.1,0.0,60
2023-12-08,10.2,-1.5,0.0,57
2023-12-09,6.7,-2.3,0.0,51
2023-12-10,0.7,-1.9,0.3,36
2023-12-11,-0.4,-4.5,4.1,70
2023-12-12,-1.7,-6.8,0.0,81
2023-12-13,-2.3,-3.4,3.1,78
2023-12-14,-3.4,-6.0,7.4,82
2023-12-15,-5.7,-10.5,0.0,58
2023-12-16,-7.6,-13.6,0.0,35
2023-12-17,-6.5,-14.0,0.0,39
2023-12-18,-5.4,-14.6,0.0,56
2023-12-19,-5.6,-12.8,0.0,35
2023-12-20,-7.8,-13.9,0.0,26
2023-12-21,-5.5,-15.4,0.0,26
2023-12-22,-3.9,-12.0,0.0,32
2023-12-23,-1.6,-12.2,0.0,36
2023-12-24,-1.7,-10.7,0.0,40
2023-12-25,0.4,-11.2,0.0,51
2023-12-26,3.3,-9.8,0.0,50
2023-12-27,1.2,-7.3,0.0,60
2023-12-28,3.2,-9.0,0.0,63
2023-12-29,1.6,-6.9,0.0,75
2023-12-30,1.4,-5.0,0.2,83
2023-12-31,3.4,-4.7,0.0,42
2024-01-01,0.7,-6.7,0.0,69
2024-01-02,2.8,-7.9,0.0,67
2024-01-03,2.8,-8.2,0.0,50
2024-01-04,3.9,-7.6,0.0,57
2024-01-05,4.7,-4.7,0.0,48
2024-01-06,2.0,-4.9,0.0,29
2024-01-07,-0.8,-7.1,0.0,34
2024-01-08,0.1,-7.4,0.0,41
2024-01-09,3.6,-5.5,0.0,41
2024-01-10,2.4,-6.6,0.0,52
2024-01-11,9.0,-5.6,0.0,50
2024-01-12,4.9,-5.6,0.0,65
2024-01-13,0.4,-5.2,0.0,77
2024-01-14,2.4,-5.3,0.0,26
2024-01-15,2.3,-7.9,0.0,34
2024-01-16,0.8,-8.4,0.0,60
2024-01-17,1.6,-4.3,0.0,73
2024-01-18,3.4,-5.0,0.0,56
2024-01-19,-1.0,-3.2,0.0,36
2024-01-20,-0.2,-5.5,0.0,33
2024-01-21,-5.0,-10.3,0.0,21
2024-01-22,-3.8,-11.0,0.0,23
2024-01-23,0.1,-11.8,0.0,24
2024-01-24,1.9,-6.8,0.0,27
2024-01-25,4.9,-5.5,0.0,26
2024-01-26,4.9,-4.3,0.0,26
2024-01-27,3.2,-5.4,0.0,32
2024-01-28,4.7,-6.5,0.0,35
2024-01-29,3.3,-5.7,0.0,50
2024-01-30,1.0,-6.0,0.0,67
2024-01-31,1.3,-5.9,0.0,45
2024-02-01,-2.6,-7.3,0.0,22
2024-02-02,-0.7,-8.5,0.0,39
2024-02-03,2.1,-7.1,0.0,44
2024-02-04,0.4,-7.1,0.0,51
2024-02-05,3.6,-4.4,0.0,53
2024-02-06,4.6,-5.2,0.0,47
2024-02-07,4.4,-5.4,0.0,36
2024-02-08,4.9,-5.6,0.0,36
2024-02-09,8.2,-5.1,0.0,39
2024-02-10,5.3,-5.6,0.0,36
2024-02-11,10.0,-4.3,0.0,48
2024-02-12,9.4,-4.1,0.0,56
2024-02-13,12.4,-2.4,0.0,62
2024-02-14,11.1,-0.8,0.0,44
2024-02-15,7.7,-5.0,0.0,38
2024-02-16,8.1,-4.9,0.0,63
2024-02-17,9.6,-3.0,0.0,77
2024-02-18,8.5,3.4,1.3,71
2024-02-19,4.3,-3.5,0.3,20
2024-02-20,-2.7,-5.5,2.9,33
2024-02-21,0.7,-5.4,1.7,43
2024-02-22,2.7,-5.2,0.0,25
2024-02-23,2.9,-6.5,0.0,30
2024-02-24,5.4,-4.8,0.0,41
2024-02-25,8.9,-4.2,0.0,30
2024-02-26,4.6,-4.6,0.0,45
2024-02-27,6.6,-4.0,0.0,52
2024-02-28,7.0,-1.6,0.0,52
2024-02-29,3.7,-4.8,0.0,24
2024-03-01,4.8,-7.9,0.0,26
2024-03-02,11.7,-4.3,0.0,34
2024-03-03,8.6,-3.3,0.0,34
2024-03-04,7.7,-5.0,0.0,53
2024-03-05,4.0,-0.5,0.9,76
2024-03-06,8.3,-2.8,0.0,45
2024-03-07,10.4,-4.3,0.0,49
2024-03-08,10.4,-1.8,0.0,31
2024-03-09,12.6,-3.9,0.0,46
2024-03-10,12.4,-1.9,0.0,62
2024-03-11,15.1,-0.6,0.0,45
2024-03-12,13.7,-1.6,0.0,30
2024-03-13,18.4,-0.9,0.0,38
2024-03-14,20.3,1.2,0.0,32
2024-03-15,21.8,2.7,0.0,45
2024-03-16,19.9,7.2,0.2,38
2024-03-17,13.6,3.1,0.0,20
2024-03-18,15.9,0.2,0.0,31
2024-03-19,15.4,0.8,0.0,17
2024-03-20,14.6,-2.0,0.0,24
2024-03-21,13.3,0.1,1.1,43
2024-03-22,22.4,1.0,0.0,44
2024-03-23,22.0,5.8,0.0,31
2024-03-24,12.1,7.2,3.8,57
2024-03-25,17.9,4.6,0.3,70
2024-03-26,18.5,3.3,0.0,69
2024-03-27,18.6,4.4,1.0,76
2024-03-28,16.1,5.0,0.0,16
2024-03-29,19.7,3.7,0.0,24
2024-03-30,21.7,4.2,0.0,27
2024-03-31,20.5,5.0,0.0,36
2024-04-01,15.7,5.0,0.0,38
2024-04-02,20.5,7.3,0.0,26
2024-04-03,20.2,10.4,0.4,38
2024-04-04,19.2,7.3,0.1,39
2024-04-05,21.1,4.6,0.4,49
2024-04-06,27.3,8.1,0.0,45
2024-04-07,28.1,10.5,0.0,22
2024-04-08,22.0,11.2,0.0,26
2024-04-09,16.9,7.3,4.5,35
2024-04-10,12.8,6.9,2.7,53
2024-04-11,23.4,5.2,0.0,71
2024-04-12,27.1,11.5,0.1,66
2024-04-13,27.9,13.6,0.0,59
2024-04-14,21.9,13.4,0.5,67
2024-04-15,23.3,9.2,0.6,39
2024-04-16,26.0,8.6,0.0,19
2024-04-17,27.7,9.6,0.0,40
2024-04-18,29.9,12.3,0.0,40
2024-04-19,19.7,14.4,0.0,30
2024-04-20,23.1,12.5,0.0,39
2024-04-21,25.0,9.1,0.0,49
2024-04-22,26.1,10.3,8.0,63
2024-04-23,19.5,10.8,9.6,62
2024-04-24,25.6,8.1,0.0,60
2024-04-25,27.9,10.7,0.0,59
2024-04-26,27.9,13.6,0.0,67
2024-04-27,23.0,14.7,0.1,60
2024-04-28,17.0,11.4,1.4,55
2024-04-29,14.2,9.4,4.4,75
2024-04-30,24.9,6.4,0.0,47
2024-05-01,26.6,8.0,0.0,40
2024-05-02,27.0,11.1,0.0,45
2024-05-03,27.0,11.9,0.0,44
2024-05-04,23.5,13.2,0.0,49
2024-05-05,21.9,13.1,1.6,67
2024-05-06,26.5,14.4,1.9,59
2024-05-07,27.7,14.3,2.7,46
2024-05-08,29.8,15.1,0.0,45
2024-05-09,29.7,15.1,0.0,45
2024-05-10,29.4,17.1,2.9,51
2024-05-11,26.0,14.4,0.0,18
2024-05-12,29.2,12.7,0.0,24
2024-05-13,31.9,12.0,0.0,33
2024-05-14,32.9,16.2,0.0,29
2024-05-15,26.9,14.3,0.0,14
2024-05-16,29.6,12.0,0.0,31
2024-05-17,33.3,15.8,0.0,43
2024-05-18,33.4,17.6,0.0,55
2024-05-19,25.4,19.3,23.7,68
2024-05-20,26.3,15.8,0.0,48
2024-05-21,27.2,15.7,0.0,50
2024-05-22,31.4,16.1,0.0,59
2024-05-23,31.8,19.4,0.0,56
2024-05-24,21.4,13.9,2.5,59
2024-05-25,16.0,12.1,15.1,85
2024-05-26,28.3,10.6,0.0,48
2024-05-27,29.8,13.3,0.0,35
2024-05-28,30.7,14.0,0.0,46
2024-05-29,32.7,20.0,0.0,42
2024-05-30,33.3,19.9,0.3,50
2024-05-31,29.6,19.7,0.0,27
2024-06-01,32.1,15.9,0.0,36
2024-06-02,32.6,19.3,0.0,33
2024-06-03,33.0,18.2,0.0,39
2024-06-04,33.1,18.6,0.0,38
2024-06-05,30.3,19.5,0.0,44
2024-06-06,31.4,19.9,0.0,47
2024-06-07,23.6,17.6,5.1,66
2024-06-08,31.9,14.4,0.0,67
2024-06-09,34.9,18.3,0.0,53
2024-06-10,36.0,19.1,0.5,54
2024-06-11,36.5,20.6,0.0,52
2024-06-12,37.0,21.2,0.0,50
2024-06-13,35.4,22.3,8.9,57
2024-06-14,35.8,21.6,0.8,50
2024-06-15,33.0,20.2,0.0,29
2024-06-16,34.7,18.7,0.0,41
2024-06-17,37.5,20.6,0.0,38
2024-06-18,38.4,23.8,0.0,34
2024-06-19,36.2,25.8,0.0,36
2024-06-20,36.4,23.5,0.0,50
2024-06-21,25.4,22.8,5.9,66
2024-06-22,36.2,20.3,0.0,48
2024-06-23,30.9,20.1,0.6,31
2024-06-24,33.4,19.5,0.0,30
2024-06-25,35.0,19.6,0.0,33
2024-06-26,36.6,20.7,0.0,40
2024-06-27,36.3,26.6,0.0,29
2024-06-28,37.3,23.0,0.0,33
2024-06-29,34.1,24.1,3.7,52
2024-06-30,32.9,22.0,0.2,72
2024-07-01,28.2,21.7,16.4,74
2024-07-02,22.6,19.1,6.5,85
2024-07-03,28.0,16.7,0.0,70
2024-07-04,29.4,20.0,0.1,72
2024-07-05,31.8,21.2,1.1,78
2024-07-06,32.5,22.3,1.0,73
2024-07-07,31.1,22.0,0.3,73
2024-07-08,31.6,21.6,0.0,70
2024-07-09,31.8,23.1,0.5,61
2024-07-10,33.5,22.3,0.0,61
2024-07-11,35.3,23.1,0.0,62
2024-07-12,28.6,23.6,17.2,78
2024-07-13,25.8,22.0,17.1,88
2024-07-14,30.7,22.1,1.4,73
2024-07-15,31.0,21.5,0.5,69
2024-07-16,30.9,22.9,3.3,81
2024-07-17,34.3,21.1,0.0,58
2024-07-18,36.8,21.2,0.0,50
2024-07-19,36.6,22.9,5.9,60
2024-07-20,35.4,24.4,2.2,66
2024-07-21,36.4,27.0,2.8,63
2024-07-22,36.3,23.9,9.9,74
2024-07-23,37.8,26.5,0.2,68
2024-07-24,36.7,25.9,32.0,81
2024-07-25,28.0,22.9,34.0,88
2024-07-26,32.1,23.3,0.3,80
2024-07-27,32.8,24.7,0.3,78
2024-07-28,34.2,24.7,0.0,78
2024-07-29,34.3,26.9,2.7,79
2024-07-30,29.0,24.4,54.5,93
2024-07-31,31.6,25.2,3.1,87
2024-08-01,32.2,23.8,0.0,79
2024-08-02,31.9,23.5,13.5,87
2024-08-03,30.5,24.3,12.6,89
2024-08-04,31.4,23.8,26.8,86
2024-08-05,32.4,23.9,0.0,81
2024-08-06,32.3,23.9,0.0,78
2024-08-07,29.6,24.2,0.0,84
2024-08-08,32.7,22.9,0.0,81
2024-08-09,28.8,24.4,87.7,89
2024-08-10,31.4,23.9,2.2,86
2024-08-11,31.7,22.0,1.2,76
2024-08-12,29.1,22.9,0.3,68
2024-08-13,29.1,22.5,3.6,72
2024-08-14,30.0,21.1,4.8,76
2024-08-15,30.4,23.2,2.0,83
2024-08-16,30.3,23.9,9.3,86
2024-08-17,30.4,23.2,5.5,88
2024-08-18,30.1,22.5,11.1,83
2024-08-19,28.0,22.0,5.4,87
2024-08-20,27.1,21.5,18.2,83
2024-08-21,29.5,21.4,0.0,81
2024-08-22,33.5,22.6,0.0,74
2024-08-23,31.4,22.2,6.1,85
2024-08-24,30.8,21.3,0.0,84
2024-08-25,29.0,22.1,13.4,85
2024-08-26,23.9,20.3,68.1,84
2024-08-27,29.2,18.1,0.0,68
2024-08-28,29.0,17.2,0.0,72
2024-08-29,28.6,17.6,0.0,76
2024-08-30,31.7,20.0,0.0,82
2024-08-31,29.9,22.9,8.5,80
2024-09-01,30.7,21.6,0.1,65
2024-09-02,26.7,17.4,0.0,59
2024-09-03,26.7,17.7,0.0,67
2024-09-04,24.9,19.2,4.5,81
2024-09-05,28.4,18.6,0.0,64
2024-09-06,28.0,17.4,0.0,69
2024-09-07,22.7,18.6,10.1,85
2024-09-08,26.0,17.9,0.0,83
2024-09-09,26.3,20.8,4.7,89
2024-09-10,25.1,16.9,0.1,61
2024-09-11,26.8,16.2,0.0,75
2024-09-12,27.0,16.4,0.0,64
2024-09-13,27.2,17.0,0.0,62
2024-09-14,23.4,16.9,0.0,61
2024-09-15,23.6,16.1,0.0,68
2024-09-16,26.2,16.4,0.0,73
2024-09-17,28.4,18.7,0.0,74
2024-09-18,28.2,19.7,0.0,70
2024-09-19,28.7,19.3,0.0,74
2024-09-20,23.7,14.3,13.0,78
2024-09-21,22.4,11.4,0.0,54
2024-09-22,21.5,12.4,0.0,50
2024-09-23,22.4,9.2,0.0,67
2024-09-24,24.0,10.9,3.2,72
2024-09-25,24.0,14.6,0.0,73
2024-09-26,24.1,13.6,0.3,76
2024-09-27,25.3,17.0,0.0,66
2024-09-28,25.5,18.8,0.2,75
2024-09-29,26.4,15.2,11.1,80
2024-09-30,20.3,12.9,3.1,56
2024-10-01,16.9,10.2,0.0,38
2024-10-02,17.9,6.7,0.0,50
2024-10-03,21.1,6.8,0.0,61
2024-10-04,20.6,9.2,0.0,66
2024-10-05,21.9,9.2,0.0,69
2024-10-06,19.1,12.9,1.3,81
2024-10-07,19.9,10.2,0.0,70
2024-10-08,21.3,8.3,0.0,64
2024-10-09,20.7,9.8,0.0,81
2024-10-10,19.8,10.2,0.0,41
2024-10-11,21.1,6.8,0.0,66
2024-10-12,23.3,10.3,0.0,70
2024-10-13,20.4,12.8,2.8,89
2024-10-14,22.1,13.3,0.1,84
2024-10-15,19.5,11.7,0.0,57
2024-10-16,18.8,9.5,0.0,74
2024-10-17,18.3,12.6,7.5,79
2024-10-18,17.5,10.8,6.9,73
2024-10-19,10.8,3.2,0.0,28
2024-10-20,10.3,1.5,0.1,50
2024-10-21,12.0,1.1,0.0,77
2024-10-22,16.0,5.2,3.5,63
2024-10-23,15.8,2.6,0.0,77
2024-10-24,18.7,5.6,0.0,73
2024-10-25,19.0,6.9,0.0,85
2024-10-26,16.5,8.5,0.0,90
2024-10-27,17.3,7.8,0.0,48
2024-10-28,16.5,3.7,0.0,69
2024-10-29,18.3,5.4,0.0,80
2024-10-30,15.3,7.4,0.3,73
2024-10-31,14.3,8.5,0.7,92
2024-11-01,18.7,8.6,0.0,88
2024-11-02,17.7,9.3,0.0,89
2024-11-03,19.1,7.8,0.0,57
2024-11-04,11.2,2.5,0.0,33
2024-11-05,13.4,1.7,0.0,53
2024-11-06,12.7,1.3,0.0,58
2024-11-07,13.5,2.7,0.0,72
2024-11-08,14.4,4.5,0.0,78
2024-11-09,16.2,4.6,0.0,84
2024-11-10,18.4,6.8,0.0,76
2024-11-11,13.8,5.3,0.4,90
2024-11-12,15.9,6.4,0.0,81
2024-11-13,11.0,9.1,8.3,93
2024-11-14,16.8,7.7,3.7,86
2024-11-15,14.3,6.5,0.0,91
2024-11-16,13.5,6.4,0.0,45
2024-11-17,9.7,2.7,0.0,43
2024-11-18,6.4,0.0,0.0,63
2024-11-19,7.7,-0.5,0.0,75
2024-11-20,11.3,1.3,0.0,70
2024-11-21,14.1,4.0,0.0,39
2024-11-22,10.9,1.7,0.0,54
2024-11-23,9.6,1.9,0.0,66
2024-11-24,9.5,2.1,0.0,73
2024-11-25,7.1,-1.1,4.0,53
2024-11-26,2.5,-2.6,0.2,23
2024-11-27,4.0,-4.5,0.0,27
2024-11-28,6.6,0.3,0.0,31
2024-11-29,13.4,3.1,0.0,39
2024-11-30,13.0,2.6,0.0,46
2024-12-01,11.3,2.3,0.0,50
2024-12-02,5.2,-2.1,0.0,19
2024-12-03,6.7,-2.4,0.0,32
2024-12-04,5.3,-1.9,0.0,39
2024-12-05,7.4,0.7,0.0,31
2024-12-06,5.1,0.1,0.0,30
2024-12-07,2.7,-2.2,0.0,23
2024-12-08,2.2,-3.6,0.0,23
2024-12-09,2.9,-6.5,0.0,26
2024-12-10,4.2,-2.7,0.0,38
2024-12-11,3.8,-0.7,0.0,39
2024-12-12,1.9,-3.5,0.0,69
2024-12-13,2.6,-2.3,0.0,30
2024-12-14,3.9,-3.2,0.0,29
2024-12-15,4.8,-1.2,0.0,25
2024-12-16,5.3,-0.3,0.0,28
2024-12-17,3.7,-1.8,0.0,31
2024-12-18,2.9,-3.4,0.0,29
2024-12-19,1.3,-6.8,0.0,37
2024-12-20,1.7,-7.0,0.0,37
2024-12-21,1.1,-5.1,0.0,25
2024-12-22,1.6,-5.7,0.0,32
2024-12-23,3.2,-4.9,0.0,33
2024-12-24,2.4,-6.5,0.0,42
2024-12-25,4.9,-6.4,0.0,38
2024-12-26,1.5,-3.9,0.0,26
2024-12-27,0.5,-5.5,0.0,24
2024-12-28,3.4,-4.5,0.0,23
2024-12-29,2.2,-6.1,0.0,30
2024-12-30,5.3,-0.6,0.0,24
2024-12-31,3.7,-3.9,0.0,33
